# SPACE: kind=space,lang,class,input_idx,eager_nodes,lazy_nodes
kind=space,calculator,full,0,6,6
kind=space,calculator,full,1,7,7
kind=space,calculator,full,2,6,6
kind=space,calculator,full,3,4,4
kind=space,calculator,full,4,12,12
kind=space,calculator,full,5,10,10
kind=space,calculator,full,6,10,10
kind=space,calculator,full,7,40,40
kind=space,calculator,earlyfail,0,40,40
kind=space,calculator,earlyfail,1,37,1
kind=space,calculator,earlyfail,2,39,39
kind=space,calculator,earlyfail,3,37,1
kind=space,rhocalc,full,0,8,8
kind=space,rhocalc,full,1,23,23
kind=space,rhocalc,full,2,4,4
kind=space,rhocalc,full,3,42,42
kind=space,rhocalc,earlyfail,0,38,38
kind=space,rhocalc,earlyfail,1,40,4
kind=space,rhocalc,earlyfail,2,21,2
# TIME: kind=time,lang,class,arm,input_idx,sample,lex_build_ns
kind=time,calculator,full,eager,0,0,1367862
kind=time,calculator,full,eager,1,0,2779354
kind=time,calculator,full,eager,2,0,1408605
kind=time,calculator,full,eager,3,0,1431820
kind=time,calculator,full,eager,4,0,869998
kind=time,calculator,full,eager,5,0,1935054
kind=time,calculator,full,eager,6,0,516714
kind=time,calculator,full,eager,7,0,13198599
kind=time,calculator,full,eager,0,1,1373964
kind=time,calculator,full,eager,1,1,2819500
kind=time,calculator,full,eager,2,1,1423762
kind=time,calculator,full,eager,3,1,1440824
kind=time,calculator,full,eager,4,1,867510
kind=time,calculator,full,eager,5,1,1957954
kind=time,calculator,full,eager,6,1,518901
kind=time,calculator,full,eager,7,1,13544113
kind=time,calculator,full,eager,0,2,1380445
kind=time,calculator,full,eager,1,2,2811095
kind=time,calculator,full,eager,2,2,1429685
kind=time,calculator,full,eager,3,2,1416694
kind=time,calculator,full,eager,4,2,884749
kind=time,calculator,full,eager,5,2,1941117
kind=time,calculator,full,eager,6,2,513651
kind=time,calculator,full,eager,7,2,13336755
kind=time,calculator,full,eager,0,3,1381256
kind=time,calculator,full,eager,1,3,2910371
kind=time,calculator,full,eager,2,3,1438684
kind=time,calculator,full,eager,3,3,1461969
kind=time,calculator,full,eager,4,3,878739
kind=time,calculator,full,eager,5,3,1932475
kind=time,calculator,full,eager,6,3,512139
kind=time,calculator,full,eager,7,3,13071606
kind=time,calculator,full,eager,0,4,1367280
kind=time,calculator,full,eager,1,4,2845757
kind=time,calculator,full,eager,2,4,1393492
kind=time,calculator,full,eager,3,4,1393317
kind=time,calculator,full,eager,4,4,854283
kind=time,calculator,full,eager,5,4,2010643
kind=time,calculator,full,eager,6,4,505292
kind=time,calculator,full,eager,7,4,12940257
kind=time,calculator,full,eager,0,5,1359711
kind=time,calculator,full,eager,1,5,2771404
kind=time,calculator,full,eager,2,5,1395688
kind=time,calculator,full,eager,3,5,1408390
kind=time,calculator,full,eager,4,5,852069
kind=time,calculator,full,eager,5,5,1919378
kind=time,calculator,full,eager,6,5,511900
kind=time,calculator,full,eager,7,5,12946601
kind=time,calculator,full,eager,0,6,1351070
kind=time,calculator,full,eager,1,6,2771742
kind=time,calculator,full,eager,2,6,1383586
kind=time,calculator,full,eager,3,6,1413253
kind=time,calculator,full,eager,4,6,852280
kind=time,calculator,full,eager,5,6,1932940
kind=time,calculator,full,eager,6,6,511556
kind=time,calculator,full,eager,7,6,13021096
kind=time,calculator,full,eager,0,7,1363185
kind=time,calculator,full,eager,1,7,2780324
kind=time,calculator,full,eager,2,7,1395522
kind=time,calculator,full,eager,3,7,1409711
kind=time,calculator,full,eager,4,7,864739
kind=time,calculator,full,eager,5,7,1942188
kind=time,calculator,full,eager,6,7,510563
kind=time,calculator,full,eager,7,7,13048348
kind=time,calculator,full,eager,0,8,1365232
kind=time,calculator,full,eager,1,8,2772165
kind=time,calculator,full,eager,2,8,1398055
kind=time,calculator,full,eager,3,8,1409357
kind=time,calculator,full,eager,4,8,854186
kind=time,calculator,full,eager,5,8,1920049
kind=time,calculator,full,eager,6,8,512368
kind=time,calculator,full,eager,7,8,12984234
kind=time,calculator,full,eager,0,9,1358608
kind=time,calculator,full,eager,1,9,2778729
kind=time,calculator,full,eager,2,9,1394599
kind=time,calculator,full,eager,3,9,1407111
kind=time,calculator,full,eager,4,9,849480
kind=time,calculator,full,eager,5,9,1910755
kind=time,calculator,full,eager,6,9,509473
kind=time,calculator,full,eager,7,9,12930601
kind=time,calculator,full,eager,0,10,1359479
kind=time,calculator,full,eager,1,10,2777408
kind=time,calculator,full,eager,2,10,1394009
kind=time,calculator,full,eager,3,10,1412166
kind=time,calculator,full,eager,4,10,850772
kind=time,calculator,full,eager,5,10,1914377
kind=time,calculator,full,eager,6,10,510363
kind=time,calculator,full,eager,7,10,12949165
kind=time,calculator,full,eager,0,11,1359575
kind=time,calculator,full,eager,1,11,2782622
kind=time,calculator,full,eager,2,11,1393570
kind=time,calculator,full,eager,3,11,1405842
kind=time,calculator,full,eager,4,11,850977
kind=time,calculator,full,eager,5,11,1910575
kind=time,calculator,full,eager,6,11,510527
kind=time,calculator,full,eager,7,11,12904347
kind=time,calculator,full,eager,0,12,1360490
kind=time,calculator,full,eager,1,12,2769685
kind=time,calculator,full,eager,2,12,1409429
kind=time,calculator,full,eager,3,12,1408637
kind=time,calculator,full,eager,4,12,854870
kind=time,calculator,full,eager,5,12,1923836
kind=time,calculator,full,eager,6,12,514186
kind=time,calculator,full,eager,7,12,12904071
kind=time,calculator,full,eager,0,13,1362346
kind=time,calculator,full,eager,1,13,2782157
kind=time,calculator,full,eager,2,13,1398568
kind=time,calculator,full,eager,3,13,1417502
kind=time,calculator,full,eager,4,13,854947
kind=time,calculator,full,eager,5,13,1902489
kind=time,calculator,full,eager,6,13,508870
kind=time,calculator,full,eager,7,13,12917492
kind=time,calculator,full,eager,0,14,1351785
kind=time,calculator,full,eager,1,14,2770491
kind=time,calculator,full,eager,2,14,1393714
kind=time,calculator,full,eager,3,14,1431370
kind=time,calculator,full,eager,4,14,850991
kind=time,calculator,full,eager,5,14,1916619
kind=time,calculator,full,eager,6,14,512724
kind=time,calculator,full,eager,7,14,13090891
kind=time,calculator,full,eager,0,15,1365628
kind=time,calculator,full,eager,1,15,2798021
kind=time,calculator,full,eager,2,15,1401525
kind=time,calculator,full,eager,3,15,1422109
kind=time,calculator,full,eager,4,15,861287
kind=time,calculator,full,eager,5,15,1936388
kind=time,calculator,full,eager,6,15,531046
kind=time,calculator,full,eager,7,15,12999571
kind=time,calculator,full,eager,0,16,1353964
kind=time,calculator,full,eager,1,16,2782825
kind=time,calculator,full,eager,2,16,1397458
kind=time,calculator,full,eager,3,16,1416160
kind=time,calculator,full,eager,4,16,861246
kind=time,calculator,full,eager,5,16,2048793
kind=time,calculator,full,eager,6,16,555449
kind=time,calculator,full,eager,7,16,13181122
kind=time,calculator,full,eager,0,17,1365859
kind=time,calculator,full,eager,1,17,2782992
kind=time,calculator,full,eager,2,17,1396050
kind=time,calculator,full,eager,3,17,1414148
kind=time,calculator,full,eager,4,17,852159
kind=time,calculator,full,eager,5,17,1921431
kind=time,calculator,full,eager,6,17,513189
kind=time,calculator,full,eager,7,17,13000720
kind=time,calculator,full,eager,0,18,1362496
kind=time,calculator,full,eager,1,18,2786264
kind=time,calculator,full,eager,2,18,1396448
kind=time,calculator,full,eager,3,18,1413373
kind=time,calculator,full,eager,4,18,852952
kind=time,calculator,full,eager,5,18,1925260
kind=time,calculator,full,eager,6,18,514122
kind=time,calculator,full,eager,7,18,12978767
kind=time,calculator,full,eager,0,19,1351371
kind=time,calculator,full,eager,1,19,2786458
kind=time,calculator,full,eager,2,19,1394163
kind=time,calculator,full,eager,3,19,1412436
kind=time,calculator,full,eager,4,19,855260
kind=time,calculator,full,eager,5,19,1920278
kind=time,calculator,full,eager,6,19,514134
kind=time,calculator,full,eager,7,19,12966766
kind=time,calculator,full,eager,0,20,1361009
kind=time,calculator,full,eager,1,20,2805491
kind=time,calculator,full,eager,2,20,1400419
kind=time,calculator,full,eager,3,20,1418201
kind=time,calculator,full,eager,4,20,851404
kind=time,calculator,full,eager,5,20,1922931
kind=time,calculator,full,eager,6,20,511895
kind=time,calculator,full,eager,7,20,12976325
kind=time,calculator,full,eager,0,21,1365834
kind=time,calculator,full,eager,1,21,2780996
kind=time,calculator,full,eager,2,21,1394372
kind=time,calculator,full,eager,3,21,1415104
kind=time,calculator,full,eager,4,21,851760
kind=time,calculator,full,eager,5,21,1922511
kind=time,calculator,full,eager,6,21,514899
kind=time,calculator,full,eager,7,21,12964213
kind=time,calculator,full,eager,0,22,1350797
kind=time,calculator,full,eager,1,22,2776764
kind=time,calculator,full,eager,2,22,1398914
kind=time,calculator,full,eager,3,22,1414983
kind=time,calculator,full,eager,4,22,858656
kind=time,calculator,full,eager,5,22,1925534
kind=time,calculator,full,eager,6,22,517764
kind=time,calculator,full,eager,7,22,12987824
kind=time,calculator,full,eager,0,23,1362831
kind=time,calculator,full,eager,1,23,2781844
kind=time,calculator,full,eager,2,23,1398982
kind=time,calculator,full,eager,3,23,1407185
kind=time,calculator,full,eager,4,23,850069
kind=time,calculator,full,eager,5,23,1918509
kind=time,calculator,full,eager,6,23,513468
kind=time,calculator,full,eager,7,23,12917840
kind=time,calculator,full,eager,0,24,1362150
kind=time,calculator,full,eager,1,24,2799341
kind=time,calculator,full,eager,2,24,1393140
kind=time,calculator,full,eager,3,24,1411242
kind=time,calculator,full,eager,4,24,849049
kind=time,calculator,full,eager,5,24,1906321
kind=time,calculator,full,eager,6,24,510961
kind=time,calculator,full,eager,7,24,12946893
kind=time,calculator,full,eager,0,25,1363255
kind=time,calculator,full,eager,1,25,2787704
kind=time,calculator,full,eager,2,25,1397694
kind=time,calculator,full,eager,3,25,1414209
kind=time,calculator,full,eager,4,25,852604
kind=time,calculator,full,eager,5,25,1917954
kind=time,calculator,full,eager,6,25,514249
kind=time,calculator,full,eager,7,25,12898236
kind=time,calculator,full,eager,0,26,1351441
kind=time,calculator,full,eager,1,26,2775712
kind=time,calculator,full,eager,2,26,1389650
kind=time,calculator,full,eager,3,26,1381016
kind=time,calculator,full,eager,4,26,849225
kind=time,calculator,full,eager,5,26,1910558
kind=time,calculator,full,eager,6,26,509368
kind=time,calculator,full,eager,7,26,12940769
kind=time,calculator,full,eager,0,27,1356329
kind=time,calculator,full,eager,1,27,2768948
kind=time,calculator,full,eager,2,27,1389083
kind=time,calculator,full,eager,3,27,1415250
kind=time,calculator,full,eager,4,27,852326
kind=time,calculator,full,eager,5,27,1915232
kind=time,calculator,full,eager,6,27,512592
kind=time,calculator,full,eager,7,27,12906281
kind=time,calculator,full,eager,0,28,1358035
kind=time,calculator,full,eager,1,28,2791574
kind=time,calculator,full,eager,2,28,1393182
kind=time,calculator,full,eager,3,28,1407290
kind=time,calculator,full,eager,4,28,851751
kind=time,calculator,full,eager,5,28,1913763
kind=time,calculator,full,eager,6,28,506968
kind=time,calculator,full,eager,7,28,12911430
kind=time,calculator,full,eager,0,29,1356958
kind=time,calculator,full,eager,1,29,2776371
kind=time,calculator,full,eager,2,29,1396707
kind=time,calculator,full,eager,3,29,1409676
kind=time,calculator,full,eager,4,29,857742
kind=time,calculator,full,eager,5,29,1923340
kind=time,calculator,full,eager,6,29,514275
kind=time,calculator,full,eager,7,29,12963738
kind=time,calculator,full,eager,0,30,1354856
kind=time,calculator,full,eager,1,30,2787301
kind=time,calculator,full,eager,2,30,1400929
kind=time,calculator,full,eager,3,30,1413205
kind=time,calculator,full,eager,4,30,853394
kind=time,calculator,full,eager,5,30,1916505
kind=time,calculator,full,eager,6,30,513501
kind=time,calculator,full,eager,7,30,12931802
kind=time,calculator,full,eager,0,31,1362679
kind=time,calculator,full,eager,1,31,2790700
kind=time,calculator,full,eager,2,31,1402314
kind=time,calculator,full,eager,3,31,1416607
kind=time,calculator,full,eager,4,31,854232
kind=time,calculator,full,eager,5,31,1915935
kind=time,calculator,full,eager,6,31,511349
kind=time,calculator,full,eager,7,31,12914455
kind=time,calculator,full,eager,0,32,1358506
kind=time,calculator,full,eager,1,32,2780478
kind=time,calculator,full,eager,2,32,1392409
kind=time,calculator,full,eager,3,32,1404358
kind=time,calculator,full,eager,4,32,852442
kind=time,calculator,full,eager,5,32,1915875
kind=time,calculator,full,eager,6,32,510292
kind=time,calculator,full,eager,7,32,12885162
kind=time,calculator,full,eager,0,33,1356224
kind=time,calculator,full,eager,1,33,2770296
kind=time,calculator,full,eager,2,33,1395271
kind=time,calculator,full,eager,3,33,1409979
kind=time,calculator,full,eager,4,33,851572
kind=time,calculator,full,eager,5,33,1915940
kind=time,calculator,full,eager,6,33,510911
kind=time,calculator,full,eager,7,33,12899744
kind=time,calculator,full,eager,0,34,1353811
kind=time,calculator,full,eager,1,34,2780961
kind=time,calculator,full,eager,2,34,1413455
kind=time,calculator,full,eager,3,34,1707621
kind=time,calculator,full,eager,4,34,874496
kind=time,calculator,full,eager,5,34,2011346
kind=time,calculator,full,eager,6,34,535422
kind=time,calculator,full,eager,7,34,13087608
kind=time,calculator,full,eager,0,35,1378173
kind=time,calculator,full,eager,1,35,2773016
kind=time,calculator,full,eager,2,35,1390834
kind=time,calculator,full,eager,3,35,1406663
kind=time,calculator,full,eager,4,35,852871
kind=time,calculator,full,eager,5,35,1916684
kind=time,calculator,full,eager,6,35,510398
kind=time,calculator,full,eager,7,35,12934846
kind=time,calculator,full,eager,0,36,1363770
kind=time,calculator,full,eager,1,36,2782102
kind=time,calculator,full,eager,2,36,1397346
kind=time,calculator,full,eager,3,36,1408456
kind=time,calculator,full,eager,4,36,853591
kind=time,calculator,full,eager,5,36,1931683
kind=time,calculator,full,eager,6,36,513975
kind=time,calculator,full,eager,7,36,12926668
kind=time,calculator,full,eager,0,37,1359353
kind=time,calculator,full,eager,1,37,2784561
kind=time,calculator,full,eager,2,37,1419704
kind=time,calculator,full,eager,3,37,1409686
kind=time,calculator,full,eager,4,37,852004
kind=time,calculator,full,eager,5,37,1916258
kind=time,calculator,full,eager,6,37,509831
kind=time,calculator,full,eager,7,37,13174449
kind=time,calculator,full,eager,0,38,1362579
kind=time,calculator,full,eager,1,38,2783655
kind=time,calculator,full,eager,2,38,1394142
kind=time,calculator,full,eager,3,38,1410825
kind=time,calculator,full,eager,4,38,851307
kind=time,calculator,full,eager,5,38,1920892
kind=time,calculator,full,eager,6,38,513878
kind=time,calculator,full,eager,7,38,12959339
kind=time,calculator,full,eager,0,39,1355112
kind=time,calculator,full,eager,1,39,2783092
kind=time,calculator,full,eager,2,39,1393193
kind=time,calculator,full,eager,3,39,1398756
kind=time,calculator,full,eager,4,39,848482
kind=time,calculator,full,eager,5,39,1910359
kind=time,calculator,full,eager,6,39,511200
kind=time,calculator,full,eager,7,39,12911112
kind=time,calculator,full,eager,0,40,1349777
kind=time,calculator,full,eager,1,40,2787217
kind=time,calculator,full,eager,2,40,1391188
kind=time,calculator,full,eager,3,40,1397403
kind=time,calculator,full,eager,4,40,854846
kind=time,calculator,full,eager,5,40,1916703
kind=time,calculator,full,eager,6,40,511727
kind=time,calculator,full,eager,7,40,12958650
kind=time,calculator,full,eager,0,41,1354921
kind=time,calculator,full,eager,1,41,2776883
kind=time,calculator,full,eager,2,41,1392921
kind=time,calculator,full,eager,3,41,1405435
kind=time,calculator,full,eager,4,41,849328
kind=time,calculator,full,eager,5,41,1914068
kind=time,calculator,full,eager,6,41,518158
kind=time,calculator,full,eager,7,41,12926876
kind=time,calculator,full,eager,0,42,1346447
kind=time,calculator,full,eager,1,42,2782881
kind=time,calculator,full,eager,2,42,1382855
kind=time,calculator,full,eager,3,42,1408584
kind=time,calculator,full,eager,4,42,846406
kind=time,calculator,full,eager,5,42,1908401
kind=time,calculator,full,eager,6,42,510061
kind=time,calculator,full,eager,7,42,12910825
kind=time,calculator,full,eager,0,43,1351898
kind=time,calculator,full,eager,1,43,2780404
kind=time,calculator,full,eager,2,43,1389342
kind=time,calculator,full,eager,3,43,1390919
kind=time,calculator,full,eager,4,43,845063
kind=time,calculator,full,eager,5,43,1908483
kind=time,calculator,full,eager,6,43,508757
kind=time,calculator,full,eager,7,43,12921628
kind=time,calculator,full,eager,0,44,1349709
kind=time,calculator,full,eager,1,44,2802059
kind=time,calculator,full,eager,2,44,1407357
kind=time,calculator,full,eager,3,44,1452444
kind=time,calculator,full,eager,4,44,869249
kind=time,calculator,full,eager,5,44,1941395
kind=time,calculator,full,eager,6,44,513754
kind=time,calculator,full,eager,7,44,13113231
kind=time,calculator,full,eager,0,45,1358690
kind=time,calculator,full,eager,1,45,2796787
kind=time,calculator,full,eager,2,45,1424357
kind=time,calculator,full,eager,3,45,1430393
kind=time,calculator,full,eager,4,45,871013
kind=time,calculator,full,eager,5,45,1950157
kind=time,calculator,full,eager,6,45,512953
kind=time,calculator,full,eager,7,45,13142988
kind=time,calculator,full,eager,0,46,1372551
kind=time,calculator,full,eager,1,46,2805546
kind=time,calculator,full,eager,2,46,1393720
kind=time,calculator,full,eager,3,46,1429890
kind=time,calculator,full,eager,4,46,859442
kind=time,calculator,full,eager,5,46,1952822
kind=time,calculator,full,eager,6,46,517441
kind=time,calculator,full,eager,7,46,13227750
kind=time,calculator,full,eager,0,47,1372322
kind=time,calculator,full,eager,1,47,2784968
kind=time,calculator,full,eager,2,47,1424248
kind=time,calculator,full,eager,3,47,1418364
kind=time,calculator,full,eager,4,47,868538
kind=time,calculator,full,eager,5,47,1956529
kind=time,calculator,full,eager,6,47,516564
kind=time,calculator,full,eager,7,47,12999041
kind=time,calculator,full,eager,0,48,1360312
kind=time,calculator,full,eager,1,48,2774524
kind=time,calculator,full,eager,2,48,1393192
kind=time,calculator,full,eager,3,48,1404954
kind=time,calculator,full,eager,4,48,847303
kind=time,calculator,full,eager,5,48,1917132
kind=time,calculator,full,eager,6,48,510094
kind=time,calculator,full,eager,7,48,12925976
kind=time,calculator,full,eager,0,49,1360401
kind=time,calculator,full,eager,1,49,2791869
kind=time,calculator,full,eager,2,49,1386383
kind=time,calculator,full,eager,3,49,1408830
kind=time,calculator,full,eager,4,49,850023
kind=time,calculator,full,eager,5,49,1908875
kind=time,calculator,full,eager,6,49,511270
kind=time,calculator,full,eager,7,49,12952838
kind=time,calculator,full,eager,0,50,1359647
kind=time,calculator,full,eager,1,50,2776198
kind=time,calculator,full,eager,2,50,1403397
kind=time,calculator,full,eager,3,50,1411631
kind=time,calculator,full,eager,4,50,852892
kind=time,calculator,full,eager,5,50,1924136
kind=time,calculator,full,eager,6,50,514876
kind=time,calculator,full,eager,7,50,13163646
kind=time,calculator,full,eager,0,51,1375170
kind=time,calculator,full,eager,1,51,2851483
kind=time,calculator,full,eager,2,51,1421651
kind=time,calculator,full,eager,3,51,1445090
kind=time,calculator,full,eager,4,51,868335
kind=time,calculator,full,eager,5,51,1948744
kind=time,calculator,full,eager,6,51,519158
kind=time,calculator,full,eager,7,51,13275715
kind=time,calculator,full,eager,0,52,1405737
kind=time,calculator,full,eager,1,52,2856330
kind=time,calculator,full,eager,2,52,1409312
kind=time,calculator,full,eager,3,52,1443983
kind=time,calculator,full,eager,4,52,895229
kind=time,calculator,full,eager,5,52,1995186
kind=time,calculator,full,eager,6,52,539622
kind=time,calculator,full,eager,7,52,13087416
kind=time,calculator,full,eager,0,53,1367785
kind=time,calculator,full,eager,1,53,2795996
kind=time,calculator,full,eager,2,53,1400774
kind=time,calculator,full,eager,3,53,1411813
kind=time,calculator,full,eager,4,53,853435
kind=time,calculator,full,eager,5,53,1935237
kind=time,calculator,full,eager,6,53,517489
kind=time,calculator,full,eager,7,53,12982803
kind=time,calculator,full,eager,0,54,1359858
kind=time,calculator,full,eager,1,54,2793419
kind=time,calculator,full,eager,2,54,1395023
kind=time,calculator,full,eager,3,54,1407582
kind=time,calculator,full,eager,4,54,852639
kind=time,calculator,full,eager,5,54,1912274
kind=time,calculator,full,eager,6,54,510928
kind=time,calculator,full,eager,7,54,13002429
kind=time,calculator,full,eager,0,55,1359914
kind=time,calculator,full,eager,1,55,2803643
kind=time,calculator,full,eager,2,55,1401774
kind=time,calculator,full,eager,3,55,1414592
kind=time,calculator,full,eager,4,55,856155
kind=time,calculator,full,eager,5,55,1932490
kind=time,calculator,full,eager,6,55,515501
kind=time,calculator,full,eager,7,55,12952300
kind=time,calculator,full,eager,0,56,1365732
kind=time,calculator,full,eager,1,56,2797688
kind=time,calculator,full,eager,2,56,1395286
kind=time,calculator,full,eager,3,56,1417841
kind=time,calculator,full,eager,4,56,855388
kind=time,calculator,full,eager,5,56,1928054
kind=time,calculator,full,eager,6,56,512682
kind=time,calculator,full,eager,7,56,12969754
kind=time,calculator,full,eager,0,57,1371993
kind=time,calculator,full,eager,1,57,2793469
kind=time,calculator,full,eager,2,57,1400106
kind=time,calculator,full,eager,3,57,1422464
kind=time,calculator,full,eager,4,57,855182
kind=time,calculator,full,eager,5,57,1941466
kind=time,calculator,full,eager,6,57,518383
kind=time,calculator,full,eager,7,57,13026396
kind=time,calculator,full,eager,0,58,1362315
kind=time,calculator,full,eager,1,58,2791976
kind=time,calculator,full,eager,2,58,1397508
kind=time,calculator,full,eager,3,58,1416613
kind=time,calculator,full,eager,4,58,859112
kind=time,calculator,full,eager,5,58,1917774
kind=time,calculator,full,eager,6,58,515687
kind=time,calculator,full,eager,7,58,13011385
kind=time,calculator,full,eager,0,59,1357019
kind=time,calculator,full,eager,1,59,2777357
kind=time,calculator,full,eager,2,59,1389483
kind=time,calculator,full,eager,3,59,1408308
kind=time,calculator,full,eager,4,59,854726
kind=time,calculator,full,eager,5,59,1923371
kind=time,calculator,full,eager,6,59,516217
kind=time,calculator,full,eager,7,59,12950656
kind=time,calculator,full,lazy,0,0,1299749
kind=time,calculator,full,lazy,1,0,2664686
kind=time,calculator,full,lazy,2,0,1342459
kind=time,calculator,full,lazy,3,0,1362834
kind=time,calculator,full,lazy,4,0,828225
kind=time,calculator,full,lazy,5,0,1827922
kind=time,calculator,full,lazy,6,0,498087
kind=time,calculator,full,lazy,7,0,12254581
kind=time,calculator,full,lazy,0,1,1297660
kind=time,calculator,full,lazy,1,1,2627634
kind=time,calculator,full,lazy,2,1,1334949
kind=time,calculator,full,lazy,3,1,1322582
kind=time,calculator,full,lazy,4,1,813527
kind=time,calculator,full,lazy,5,1,1797238
kind=time,calculator,full,lazy,6,1,478482
kind=time,calculator,full,lazy,7,1,12095716
kind=time,calculator,full,lazy,0,2,1273728
kind=time,calculator,full,lazy,1,2,2622025
kind=time,calculator,full,lazy,2,2,1310551
kind=time,calculator,full,lazy,3,2,1312227
kind=time,calculator,full,lazy,4,2,804293
kind=time,calculator,full,lazy,5,2,1778402
kind=time,calculator,full,lazy,6,2,473096
kind=time,calculator,full,lazy,7,2,12086034
kind=time,calculator,full,lazy,0,3,1294537
kind=time,calculator,full,lazy,1,3,2624595
kind=time,calculator,full,lazy,2,3,1278890
kind=time,calculator,full,lazy,3,3,1303237
kind=time,calculator,full,lazy,4,3,805473
kind=time,calculator,full,lazy,5,3,1832984
kind=time,calculator,full,lazy,6,3,477550
kind=time,calculator,full,lazy,7,3,12084432
kind=time,calculator,full,lazy,0,4,1253908
kind=time,calculator,full,lazy,1,4,2629871
kind=time,calculator,full,lazy,2,4,1304395
kind=time,calculator,full,lazy,3,4,1303597
kind=time,calculator,full,lazy,4,4,807902
kind=time,calculator,full,lazy,5,4,1815746
kind=time,calculator,full,lazy,6,4,490386
kind=time,calculator,full,lazy,7,4,12176701
kind=time,calculator,full,lazy,0,5,1285579
kind=time,calculator,full,lazy,1,5,2571555
kind=time,calculator,full,lazy,2,5,1328592
kind=time,calculator,full,lazy,3,5,1318897
kind=time,calculator,full,lazy,4,5,808593
kind=time,calculator,full,lazy,5,5,1827011
kind=time,calculator,full,lazy,6,5,484893
kind=time,calculator,full,lazy,7,5,12282667
kind=time,calculator,full,lazy,0,6,1254495
kind=time,calculator,full,lazy,1,6,2627340
kind=time,calculator,full,lazy,2,6,1314602
kind=time,calculator,full,lazy,3,6,1347547
kind=time,calculator,full,lazy,4,6,814170
kind=time,calculator,full,lazy,5,6,1847093
kind=time,calculator,full,lazy,6,6,498415
kind=time,calculator,full,lazy,7,6,12432411
kind=time,calculator,full,lazy,0,7,1303968
kind=time,calculator,full,lazy,1,7,2667043
kind=time,calculator,full,lazy,2,7,1327827
kind=time,calculator,full,lazy,3,7,1329175
kind=time,calculator,full,lazy,4,7,799049
kind=time,calculator,full,lazy,5,7,1804811
kind=time,calculator,full,lazy,6,7,477725
kind=time,calculator,full,lazy,7,7,12293830
kind=time,calculator,full,lazy,0,8,1275444
kind=time,calculator,full,lazy,1,8,2655666
kind=time,calculator,full,lazy,2,8,1318707
kind=time,calculator,full,lazy,3,8,1293508
kind=time,calculator,full,lazy,4,8,779383
kind=time,calculator,full,lazy,5,8,1781470
kind=time,calculator,full,lazy,6,8,471802
kind=time,calculator,full,lazy,7,8,12193553
kind=time,calculator,full,lazy,0,9,1288374
kind=time,calculator,full,lazy,1,9,2638829
kind=time,calculator,full,lazy,2,9,1334737
kind=time,calculator,full,lazy,3,9,1326406
kind=time,calculator,full,lazy,4,9,819592
kind=time,calculator,full,lazy,5,9,1788698
kind=time,calculator,full,lazy,6,9,489338
kind=time,calculator,full,lazy,7,9,12238524
kind=time,calculator,full,lazy,0,10,1285717
kind=time,calculator,full,lazy,1,10,2602354
kind=time,calculator,full,lazy,2,10,1319563
kind=time,calculator,full,lazy,3,10,1334338
kind=time,calculator,full,lazy,4,10,798322
kind=time,calculator,full,lazy,5,10,1840140
kind=time,calculator,full,lazy,6,10,476694
kind=time,calculator,full,lazy,7,10,12302416
kind=time,calculator,full,lazy,0,11,1306949
kind=time,calculator,full,lazy,1,11,2667701
kind=time,calculator,full,lazy,2,11,1327279
kind=time,calculator,full,lazy,3,11,1346242
kind=time,calculator,full,lazy,4,11,798273
kind=time,calculator,full,lazy,5,11,1809822
kind=time,calculator,full,lazy,6,11,470302
kind=time,calculator,full,lazy,7,11,12133725
kind=time,calculator,full,lazy,0,12,1304218
kind=time,calculator,full,lazy,1,12,2644083
kind=time,calculator,full,lazy,2,12,1343251
kind=time,calculator,full,lazy,3,12,1345258
kind=time,calculator,full,lazy,4,12,801155
kind=time,calculator,full,lazy,5,12,1772002
kind=time,calculator,full,lazy,6,12,477078
kind=time,calculator,full,lazy,7,12,12059538
kind=time,calculator,full,lazy,0,13,1276165
kind=time,calculator,full,lazy,1,13,2627033
kind=time,calculator,full,lazy,2,13,1328141
kind=time,calculator,full,lazy,3,13,1348369
kind=time,calculator,full,lazy,4,13,815821
kind=time,calculator,full,lazy,5,13,1821465
kind=time,calculator,full,lazy,6,13,488160
kind=time,calculator,full,lazy,7,13,12140863
kind=time,calculator,full,lazy,0,14,1304796
kind=time,calculator,full,lazy,1,14,2620733
kind=time,calculator,full,lazy,2,14,1281687
kind=time,calculator,full,lazy,3,14,1314336
kind=time,calculator,full,lazy,4,14,817075
kind=time,calculator,full,lazy,5,14,1812861
kind=time,calculator,full,lazy,6,14,473066
kind=time,calculator,full,lazy,7,14,12217678
kind=time,calculator,full,lazy,0,15,1287056
kind=time,calculator,full,lazy,1,15,2575014
kind=time,calculator,full,lazy,2,15,1279633
kind=time,calculator,full,lazy,3,15,1298731
kind=time,calculator,full,lazy,4,15,798021
kind=time,calculator,full,lazy,5,15,1802731
kind=time,calculator,full,lazy,6,15,477043
kind=time,calculator,full,lazy,7,15,12290350
kind=time,calculator,full,lazy,0,16,1280614
kind=time,calculator,full,lazy,1,16,2617491
kind=time,calculator,full,lazy,2,16,1310318
kind=time,calculator,full,lazy,3,16,1332634
kind=time,calculator,full,lazy,4,16,819031
kind=time,calculator,full,lazy,5,16,1836884
kind=time,calculator,full,lazy,6,16,495026
kind=time,calculator,full,lazy,7,16,12448131
kind=time,calculator,full,lazy,0,17,1272792
kind=time,calculator,full,lazy,1,17,2660796
kind=time,calculator,full,lazy,2,17,1338507
kind=time,calculator,full,lazy,3,17,1343067
kind=time,calculator,full,lazy,4,17,818972
kind=time,calculator,full,lazy,5,17,1827676
kind=time,calculator,full,lazy,6,17,489021
kind=time,calculator,full,lazy,7,17,12283248
kind=time,calculator,full,lazy,0,18,1288318
kind=time,calculator,full,lazy,1,18,2651184
kind=time,calculator,full,lazy,2,18,1331713
kind=time,calculator,full,lazy,3,18,1330308
kind=time,calculator,full,lazy,4,18,814068
kind=time,calculator,full,lazy,5,18,1811229
kind=time,calculator,full,lazy,6,18,482114
kind=time,calculator,full,lazy,7,18,12192184
kind=time,calculator,full,lazy,0,19,1295423
kind=time,calculator,full,lazy,1,19,2650285
kind=time,calculator,full,lazy,2,19,1328670
kind=time,calculator,full,lazy,3,19,1340455
kind=time,calculator,full,lazy,4,19,816310
kind=time,calculator,full,lazy,5,19,1845077
kind=time,calculator,full,lazy,6,19,489729
kind=time,calculator,full,lazy,7,19,12188313
kind=time,calculator,full,lazy,0,20,1290462
kind=time,calculator,full,lazy,1,20,2605558
kind=time,calculator,full,lazy,2,20,1288319
kind=time,calculator,full,lazy,3,20,1334830
kind=time,calculator,full,lazy,4,20,803408
kind=time,calculator,full,lazy,5,20,1812293
kind=time,calculator,full,lazy,6,20,491891
kind=time,calculator,full,lazy,7,20,12146226
kind=time,calculator,full,lazy,0,21,1281322
kind=time,calculator,full,lazy,1,21,2598576
kind=time,calculator,full,lazy,2,21,1329817
kind=time,calculator,full,lazy,3,21,1307377
kind=time,calculator,full,lazy,4,21,822118
kind=time,calculator,full,lazy,5,21,1846162
kind=time,calculator,full,lazy,6,21,493548
kind=time,calculator,full,lazy,7,21,12271510
kind=time,calculator,full,lazy,0,22,1265061
kind=time,calculator,full,lazy,1,22,2619120
kind=time,calculator,full,lazy,2,22,1338667
kind=time,calculator,full,lazy,3,22,1330718
kind=time,calculator,full,lazy,4,22,813081
kind=time,calculator,full,lazy,5,22,1836741
kind=time,calculator,full,lazy,6,22,492668
kind=time,calculator,full,lazy,7,22,12446756
kind=time,calculator,full,lazy,0,23,1306547
kind=time,calculator,full,lazy,1,23,2722833
kind=time,calculator,full,lazy,2,23,1349817
kind=time,calculator,full,lazy,3,23,1359791
kind=time,calculator,full,lazy,4,23,826127
kind=time,calculator,full,lazy,5,23,1853731
kind=time,calculator,full,lazy,6,23,492766
kind=time,calculator,full,lazy,7,23,12388416
kind=time,calculator,full,lazy,0,24,1313675
kind=time,calculator,full,lazy,1,24,2674276
kind=time,calculator,full,lazy,2,24,1319688
kind=time,calculator,full,lazy,3,24,1348673
kind=time,calculator,full,lazy,4,24,806650
kind=time,calculator,full,lazy,5,24,1866157
kind=time,calculator,full,lazy,6,24,510500
kind=time,calculator,full,lazy,7,24,12513839
kind=time,calculator,full,lazy,0,25,1280683
kind=time,calculator,full,lazy,1,25,2660203
kind=time,calculator,full,lazy,2,25,1337078
kind=time,calculator,full,lazy,3,25,1347890
kind=time,calculator,full,lazy,4,25,807464
kind=time,calculator,full,lazy,5,25,1841849
kind=time,calculator,full,lazy,6,25,487246
kind=time,calculator,full,lazy,7,25,12410068
kind=time,calculator,full,lazy,0,26,1275090
kind=time,calculator,full,lazy,1,26,2632836
kind=time,calculator,full,lazy,2,26,1330208
kind=time,calculator,full,lazy,3,26,1368791
kind=time,calculator,full,lazy,4,26,826984
kind=time,calculator,full,lazy,5,26,1857347
kind=time,calculator,full,lazy,6,26,499304
kind=time,calculator,full,lazy,7,26,12324677
kind=time,calculator,full,lazy,0,27,1293109
kind=time,calculator,full,lazy,1,27,2631674
kind=time,calculator,full,lazy,2,27,1341003
kind=time,calculator,full,lazy,3,27,1359671
kind=time,calculator,full,lazy,4,27,805833
kind=time,calculator,full,lazy,5,27,1827203
kind=time,calculator,full,lazy,6,27,488548
kind=time,calculator,full,lazy,7,27,12381363
kind=time,calculator,full,lazy,0,28,1276426
kind=time,calculator,full,lazy,1,28,2648115
kind=time,calculator,full,lazy,2,28,1336234
kind=time,calculator,full,lazy,3,28,1358234
kind=time,calculator,full,lazy,4,28,827191
kind=time,calculator,full,lazy,5,28,1817707
kind=time,calculator,full,lazy,6,28,501087
kind=time,calculator,full,lazy,7,28,12499561
kind=time,calculator,full,lazy,0,29,1284102
kind=time,calculator,full,lazy,1,29,2647148
kind=time,calculator,full,lazy,2,29,1355442
kind=time,calculator,full,lazy,3,29,1332442
kind=time,calculator,full,lazy,4,29,831470
kind=time,calculator,full,lazy,5,29,1825394
kind=time,calculator,full,lazy,6,29,494104
kind=time,calculator,full,lazy,7,29,12297951
kind=time,calculator,full,lazy,0,30,1246575
kind=time,calculator,full,lazy,1,30,2593907
kind=time,calculator,full,lazy,2,30,1342308
kind=time,calculator,full,lazy,3,30,1357498
kind=time,calculator,full,lazy,4,30,819123
kind=time,calculator,full,lazy,5,30,1815110
kind=time,calculator,full,lazy,6,30,489638
kind=time,calculator,full,lazy,7,30,12303010
kind=time,calculator,full,lazy,0,31,1264974
kind=time,calculator,full,lazy,1,31,2610497
kind=time,calculator,full,lazy,2,31,1335716
kind=time,calculator,full,lazy,3,31,1328893
kind=time,calculator,full,lazy,4,31,807390
kind=time,calculator,full,lazy,5,31,1833062
kind=time,calculator,full,lazy,6,31,493515
kind=time,calculator,full,lazy,7,31,12228165
kind=time,calculator,full,lazy,0,32,1300432
kind=time,calculator,full,lazy,1,32,2601956
kind=time,calculator,full,lazy,2,32,1316587
kind=time,calculator,full,lazy,3,32,1334113
kind=time,calculator,full,lazy,4,32,802858
kind=time,calculator,full,lazy,5,32,1761625
kind=time,calculator,full,lazy,6,32,465952
kind=time,calculator,full,lazy,7,32,12189632
kind=time,calculator,full,lazy,0,33,1297863
kind=time,calculator,full,lazy,1,33,2691196
kind=time,calculator,full,lazy,2,33,1340999
kind=time,calculator,full,lazy,3,33,1337463
kind=time,calculator,full,lazy,4,33,807520
kind=time,calculator,full,lazy,5,33,1791622
kind=time,calculator,full,lazy,6,33,474688
kind=time,calculator,full,lazy,7,33,12284447
kind=time,calculator,full,lazy,0,34,1303639
kind=time,calculator,full,lazy,1,34,2648226
kind=time,calculator,full,lazy,2,34,1340285
kind=time,calculator,full,lazy,3,34,1360814
kind=time,calculator,full,lazy,4,34,824166
kind=time,calculator,full,lazy,5,34,1830994
kind=time,calculator,full,lazy,6,34,491618
kind=time,calculator,full,lazy,7,34,12351399
kind=time,calculator,full,lazy,0,35,1313410
kind=time,calculator,full,lazy,1,35,2674188
kind=time,calculator,full,lazy,2,35,1326231
kind=time,calculator,full,lazy,3,35,1334212
kind=time,calculator,full,lazy,4,35,813249
kind=time,calculator,full,lazy,5,35,1823131
kind=time,calculator,full,lazy,6,35,491084
kind=time,calculator,full,lazy,7,35,12172527
kind=time,calculator,full,lazy,0,36,1276239
kind=time,calculator,full,lazy,1,36,2591295
kind=time,calculator,full,lazy,2,36,1297033
kind=time,calculator,full,lazy,3,36,1349827
kind=time,calculator,full,lazy,4,36,816928
kind=time,calculator,full,lazy,5,36,1810653
kind=time,calculator,full,lazy,6,36,490509
kind=time,calculator,full,lazy,7,36,12083611
kind=time,calculator,full,lazy,0,37,1272500
kind=time,calculator,full,lazy,1,37,2625376
kind=time,calculator,full,lazy,2,37,1339862
kind=time,calculator,full,lazy,3,37,1320142
kind=time,calculator,full,lazy,4,37,820524
kind=time,calculator,full,lazy,5,37,1836530
kind=time,calculator,full,lazy,6,37,489754
kind=time,calculator,full,lazy,7,37,12213070
kind=time,calculator,full,lazy,0,38,1250752
kind=time,calculator,full,lazy,1,38,2623729
kind=time,calculator,full,lazy,2,38,1294840
kind=time,calculator,full,lazy,3,38,1294974
kind=time,calculator,full,lazy,4,38,794053
kind=time,calculator,full,lazy,5,38,1753961
kind=time,calculator,full,lazy,6,38,478246
kind=time,calculator,full,lazy,7,38,12156322
kind=time,calculator,full,lazy,0,39,1302932
kind=time,calculator,full,lazy,1,39,2618468
kind=time,calculator,full,lazy,2,39,1325724
kind=time,calculator,full,lazy,3,39,1309416
kind=time,calculator,full,lazy,4,39,801543
kind=time,calculator,full,lazy,5,39,1805813
kind=time,calculator,full,lazy,6,39,487101
kind=time,calculator,full,lazy,7,39,12178973
kind=time,calculator,full,lazy,0,40,1277743
kind=time,calculator,full,lazy,1,40,2632959
kind=time,calculator,full,lazy,2,40,1284636
kind=time,calculator,full,lazy,3,40,1306833
kind=time,calculator,full,lazy,4,40,819030
kind=time,calculator,full,lazy,5,40,1838623
kind=time,calculator,full,lazy,6,40,490256
kind=time,calculator,full,lazy,7,40,12061988
kind=time,calculator,full,lazy,0,41,1259042
kind=time,calculator,full,lazy,1,41,2631183
kind=time,calculator,full,lazy,2,41,1309198
kind=time,calculator,full,lazy,3,41,1317553
kind=time,calculator,full,lazy,4,41,817460
kind=time,calculator,full,lazy,5,41,1797459
kind=time,calculator,full,lazy,6,41,488305
kind=time,calculator,full,lazy,7,41,12165501
kind=time,calculator,full,lazy,0,42,1259006
kind=time,calculator,full,lazy,1,42,2659732
kind=time,calculator,full,lazy,2,42,1327344
kind=time,calculator,full,lazy,3,42,1351954
kind=time,calculator,full,lazy,4,42,822662
kind=time,calculator,full,lazy,5,42,1822210
kind=time,calculator,full,lazy,6,42,485824
kind=time,calculator,full,lazy,7,42,11997109
kind=time,calculator,full,lazy,0,43,1275158
kind=time,calculator,full,lazy,1,43,2612276
kind=time,calculator,full,lazy,2,43,1334600
kind=time,calculator,full,lazy,3,43,1324346
kind=time,calculator,full,lazy,4,43,804021
kind=time,calculator,full,lazy,5,43,1812145
kind=time,calculator,full,lazy,6,43,475607
kind=time,calculator,full,lazy,7,43,12111206
kind=time,calculator,full,lazy,0,44,1278154
kind=time,calculator,full,lazy,1,44,2610121
kind=time,calculator,full,lazy,2,44,1346794
kind=time,calculator,full,lazy,3,44,1329254
kind=time,calculator,full,lazy,4,44,805234
kind=time,calculator,full,lazy,5,44,1821019
kind=time,calculator,full,lazy,6,44,490616
kind=time,calculator,full,lazy,7,44,12139619
kind=time,calculator,full,lazy,0,45,1261236
kind=time,calculator,full,lazy,1,45,2570967
kind=time,calculator,full,lazy,2,45,1316178
kind=time,calculator,full,lazy,3,45,1313080
kind=time,calculator,full,lazy,4,45,790788
kind=time,calculator,full,lazy,5,45,1788081
kind=time,calculator,full,lazy,6,45,475073
kind=time,calculator,full,lazy,7,45,12158616
kind=time,calculator,full,lazy,0,46,1275744
kind=time,calculator,full,lazy,1,46,2583154
kind=time,calculator,full,lazy,2,46,1331042
kind=time,calculator,full,lazy,3,46,1317523
kind=time,calculator,full,lazy,4,46,790510
kind=time,calculator,full,lazy,5,46,1808103
kind=time,calculator,full,lazy,6,46,471038
kind=time,calculator,full,lazy,7,46,12206233
kind=time,calculator,full,lazy,0,47,1275993
kind=time,calculator,full,lazy,1,47,2549511
kind=time,calculator,full,lazy,2,47,1326029
kind=time,calculator,full,lazy,3,47,1351313
kind=time,calculator,full,lazy,4,47,819343
kind=time,calculator,full,lazy,5,47,1838899
kind=time,calculator,full,lazy,6,47,487691
kind=time,calculator,full,lazy,7,47,12612843
kind=time,calculator,full,lazy,0,48,1383147
kind=time,calculator,full,lazy,1,48,2782050
kind=time,calculator,full,lazy,2,48,1394447
kind=time,calculator,full,lazy,3,48,1416378
kind=time,calculator,full,lazy,4,48,856470
kind=time,calculator,full,lazy,5,48,1917137
kind=time,calculator,full,lazy,6,48,514870
kind=time,calculator,full,lazy,7,48,13038131
kind=time,calculator,full,lazy,0,49,1359131
kind=time,calculator,full,lazy,1,49,2786378
kind=time,calculator,full,lazy,2,49,1399438
kind=time,calculator,full,lazy,3,49,1409534
kind=time,calculator,full,lazy,4,49,857693
kind=time,calculator,full,lazy,5,49,1918279
kind=time,calculator,full,lazy,6,49,515192
kind=time,calculator,full,lazy,7,49,12934418
kind=time,calculator,full,lazy,0,50,1357040
kind=time,calculator,full,lazy,1,50,2778649
kind=time,calculator,full,lazy,2,50,1394144
kind=time,calculator,full,lazy,3,50,1411527
kind=time,calculator,full,lazy,4,50,854461
kind=time,calculator,full,lazy,5,50,1924651
kind=time,calculator,full,lazy,6,50,512250
kind=time,calculator,full,lazy,7,50,12991124
kind=time,calculator,full,lazy,0,51,1370620
kind=time,calculator,full,lazy,1,51,2788338
kind=time,calculator,full,lazy,2,51,1422973
kind=time,calculator,full,lazy,3,51,1414152
kind=time,calculator,full,lazy,4,51,856480
kind=time,calculator,full,lazy,5,51,1919044
kind=time,calculator,full,lazy,6,51,515240
kind=time,calculator,full,lazy,7,51,12912085
kind=time,calculator,full,lazy,0,52,1356736
kind=time,calculator,full,lazy,1,52,2775438
kind=time,calculator,full,lazy,2,52,1391714
kind=time,calculator,full,lazy,3,52,1415275
kind=time,calculator,full,lazy,4,52,851353
kind=time,calculator,full,lazy,5,52,1906405
kind=time,calculator,full,lazy,6,52,509692
kind=time,calculator,full,lazy,7,52,13017616
kind=time,calculator,full,lazy,0,53,1359846
kind=time,calculator,full,lazy,1,53,2775216
kind=time,calculator,full,lazy,2,53,1402333
kind=time,calculator,full,lazy,3,53,1418227
kind=time,calculator,full,lazy,4,53,856778
kind=time,calculator,full,lazy,5,53,1941928
kind=time,calculator,full,lazy,6,53,514685
kind=time,calculator,full,lazy,7,53,12946955
kind=time,calculator,full,lazy,0,54,1371600
kind=time,calculator,full,lazy,1,54,2863404
kind=time,calculator,full,lazy,2,54,1437882
kind=time,calculator,full,lazy,3,54,1428249
kind=time,calculator,full,lazy,4,54,874640
kind=time,calculator,full,lazy,5,54,1937554
kind=time,calculator,full,lazy,6,54,514546
kind=time,calculator,full,lazy,7,54,13041681
kind=time,calculator,full,lazy,0,55,1369162
kind=time,calculator,full,lazy,1,55,2801488
kind=time,calculator,full,lazy,2,55,1407049
kind=time,calculator,full,lazy,3,55,1433274
kind=time,calculator,full,lazy,4,55,853446
kind=time,calculator,full,lazy,5,55,1934009
kind=time,calculator,full,lazy,6,55,514714
kind=time,calculator,full,lazy,7,55,13038752
kind=time,calculator,full,lazy,0,56,1365320
kind=time,calculator,full,lazy,1,56,2779168
kind=time,calculator,full,lazy,2,56,1397731
kind=time,calculator,full,lazy,3,56,1414480
kind=time,calculator,full,lazy,4,56,851635
kind=time,calculator,full,lazy,5,56,1919919
kind=time,calculator,full,lazy,6,56,515092
kind=time,calculator,full,lazy,7,56,12995575
kind=time,calculator,full,lazy,0,57,1367278
kind=time,calculator,full,lazy,1,57,2785659
kind=time,calculator,full,lazy,2,57,1399558
kind=time,calculator,full,lazy,3,57,1411700
kind=time,calculator,full,lazy,4,57,855930
kind=time,calculator,full,lazy,5,57,1913213
kind=time,calculator,full,lazy,6,57,511794
kind=time,calculator,full,lazy,7,57,12987260
kind=time,calculator,full,lazy,0,58,1358087
kind=time,calculator,full,lazy,1,58,2790114
kind=time,calculator,full,lazy,2,58,1404612
kind=time,calculator,full,lazy,3,58,1421784
kind=time,calculator,full,lazy,4,58,857048
kind=time,calculator,full,lazy,5,58,1925528
kind=time,calculator,full,lazy,6,58,514927
kind=time,calculator,full,lazy,7,58,13075801
kind=time,calculator,full,lazy,0,59,1359815
kind=time,calculator,full,lazy,1,59,2788445
kind=time,calculator,full,lazy,2,59,1398975
kind=time,calculator,full,lazy,3,59,1418457
kind=time,calculator,full,lazy,4,59,853212
kind=time,calculator,full,lazy,5,59,1917533
kind=time,calculator,full,lazy,6,59,512368
kind=time,calculator,full,lazy,7,59,12990982
kind=time,calculator,earlyfail,eager,0,0,458567
kind=time,calculator,earlyfail,eager,1,0,36902
kind=time,calculator,earlyfail,eager,2,0,875044
kind=time,calculator,earlyfail,eager,3,0,50133
kind=time,calculator,earlyfail,eager,0,1,460109
kind=time,calculator,earlyfail,eager,1,1,36590
kind=time,calculator,earlyfail,eager,2,1,878714
kind=time,calculator,earlyfail,eager,3,1,49582
kind=time,calculator,earlyfail,eager,0,2,466735
kind=time,calculator,earlyfail,eager,1,2,39981
kind=time,calculator,earlyfail,eager,2,2,890362
kind=time,calculator,earlyfail,eager,3,2,50623
kind=time,calculator,earlyfail,eager,0,3,459991
kind=time,calculator,earlyfail,eager,1,3,38024
kind=time,calculator,earlyfail,eager,2,3,918997
kind=time,calculator,earlyfail,eager,3,3,49890
kind=time,calculator,earlyfail,eager,0,4,459239
kind=time,calculator,earlyfail,eager,1,4,37050
kind=time,calculator,earlyfail,eager,2,4,874072
kind=time,calculator,earlyfail,eager,3,4,49001
kind=time,calculator,earlyfail,eager,0,5,463872
kind=time,calculator,earlyfail,eager,1,5,37855
kind=time,calculator,earlyfail,eager,2,5,880495
kind=time,calculator,earlyfail,eager,3,5,50753
kind=time,calculator,earlyfail,eager,0,6,464659
kind=time,calculator,earlyfail,eager,1,6,37204
kind=time,calculator,earlyfail,eager,2,6,872102
kind=time,calculator,earlyfail,eager,3,6,49199
kind=time,calculator,earlyfail,eager,0,7,464692
kind=time,calculator,earlyfail,eager,1,7,40302
kind=time,calculator,earlyfail,eager,2,7,889866
kind=time,calculator,earlyfail,eager,3,7,51335
kind=time,calculator,earlyfail,eager,0,8,473301
kind=time,calculator,earlyfail,eager,1,8,37398
kind=time,calculator,earlyfail,eager,2,8,874928
kind=time,calculator,earlyfail,eager,3,8,49226
kind=time,calculator,earlyfail,eager,0,9,472285
kind=time,calculator,earlyfail,eager,1,9,39609
kind=time,calculator,earlyfail,eager,2,9,881290
kind=time,calculator,earlyfail,eager,3,9,50032
kind=time,calculator,earlyfail,eager,0,10,466954
kind=time,calculator,earlyfail,eager,1,10,38411
kind=time,calculator,earlyfail,eager,2,10,881496
kind=time,calculator,earlyfail,eager,3,10,51824
kind=time,calculator,earlyfail,eager,0,11,465512
kind=time,calculator,earlyfail,eager,1,11,38068
kind=time,calculator,earlyfail,eager,2,11,872279
kind=time,calculator,earlyfail,eager,3,11,50337
kind=time,calculator,earlyfail,eager,0,12,463674
kind=time,calculator,earlyfail,eager,1,12,37499
kind=time,calculator,earlyfail,eager,2,12,888814
kind=time,calculator,earlyfail,eager,3,12,51361
kind=time,calculator,earlyfail,eager,0,13,459770
kind=time,calculator,earlyfail,eager,1,13,37268
kind=time,calculator,earlyfail,eager,2,13,872547
kind=time,calculator,earlyfail,eager,3,13,49809
kind=time,calculator,earlyfail,eager,0,14,464254
kind=time,calculator,earlyfail,eager,1,14,37932
kind=time,calculator,earlyfail,eager,2,14,868382
kind=time,calculator,earlyfail,eager,3,14,50113
kind=time,calculator,earlyfail,eager,0,15,467528
kind=time,calculator,earlyfail,eager,1,15,37513
kind=time,calculator,earlyfail,eager,2,15,873139
kind=time,calculator,earlyfail,eager,3,15,49502
kind=time,calculator,earlyfail,eager,0,16,466629
kind=time,calculator,earlyfail,eager,1,16,39620
kind=time,calculator,earlyfail,eager,2,16,878799
kind=time,calculator,earlyfail,eager,3,16,49390
kind=time,calculator,earlyfail,eager,0,17,465145
kind=time,calculator,earlyfail,eager,1,17,36630
kind=time,calculator,earlyfail,eager,2,17,876437
kind=time,calculator,earlyfail,eager,3,17,49441
kind=time,calculator,earlyfail,eager,0,18,453715
kind=time,calculator,earlyfail,eager,1,18,36994
kind=time,calculator,earlyfail,eager,2,18,864052
kind=time,calculator,earlyfail,eager,3,18,50088
kind=time,calculator,earlyfail,eager,0,19,463812
kind=time,calculator,earlyfail,eager,1,19,39055
kind=time,calculator,earlyfail,eager,2,19,873799
kind=time,calculator,earlyfail,eager,3,19,50222
kind=time,calculator,earlyfail,eager,0,20,458845
kind=time,calculator,earlyfail,eager,1,20,37261
kind=time,calculator,earlyfail,eager,2,20,870178
kind=time,calculator,earlyfail,eager,3,20,48920
kind=time,calculator,earlyfail,eager,0,21,462853
kind=time,calculator,earlyfail,eager,1,21,37376
kind=time,calculator,earlyfail,eager,2,21,871251
kind=time,calculator,earlyfail,eager,3,21,48581
kind=time,calculator,earlyfail,eager,0,22,460387
kind=time,calculator,earlyfail,eager,1,22,38045
kind=time,calculator,earlyfail,eager,2,22,886046
kind=time,calculator,earlyfail,eager,3,22,49969
kind=time,calculator,earlyfail,eager,0,23,468440
kind=time,calculator,earlyfail,eager,1,23,37982
kind=time,calculator,earlyfail,eager,2,23,881350
kind=time,calculator,earlyfail,eager,3,23,49000
kind=time,calculator,earlyfail,eager,0,24,456683
kind=time,calculator,earlyfail,eager,1,24,36969
kind=time,calculator,earlyfail,eager,2,24,870002
kind=time,calculator,earlyfail,eager,3,24,49528
kind=time,calculator,earlyfail,eager,0,25,455029
kind=time,calculator,earlyfail,eager,1,25,36662
kind=time,calculator,earlyfail,eager,2,25,868520
kind=time,calculator,earlyfail,eager,3,25,49235
kind=time,calculator,earlyfail,eager,0,26,465887
kind=time,calculator,earlyfail,eager,1,26,37155
kind=time,calculator,earlyfail,eager,2,26,870529
kind=time,calculator,earlyfail,eager,3,26,51656
kind=time,calculator,earlyfail,eager,0,27,461430
kind=time,calculator,earlyfail,eager,1,27,36776
kind=time,calculator,earlyfail,eager,2,27,866378
kind=time,calculator,earlyfail,eager,3,27,49311
kind=time,calculator,earlyfail,eager,0,28,452034
kind=time,calculator,earlyfail,eager,1,28,37115
kind=time,calculator,earlyfail,eager,2,28,867154
kind=time,calculator,earlyfail,eager,3,28,48109
kind=time,calculator,earlyfail,eager,0,29,462202
kind=time,calculator,earlyfail,eager,1,29,36624
kind=time,calculator,earlyfail,eager,2,29,869659
kind=time,calculator,earlyfail,eager,3,29,48504
kind=time,calculator,earlyfail,eager,0,30,451417
kind=time,calculator,earlyfail,eager,1,30,36955
kind=time,calculator,earlyfail,eager,2,30,868038
kind=time,calculator,earlyfail,eager,3,30,50674
kind=time,calculator,earlyfail,eager,0,31,460993
kind=time,calculator,earlyfail,eager,1,31,37683
kind=time,calculator,earlyfail,eager,2,31,870610
kind=time,calculator,earlyfail,eager,3,31,48834
kind=time,calculator,earlyfail,eager,0,32,461087
kind=time,calculator,earlyfail,eager,1,32,36906
kind=time,calculator,earlyfail,eager,2,32,873648
kind=time,calculator,earlyfail,eager,3,32,53343
kind=time,calculator,earlyfail,eager,0,33,484517
kind=time,calculator,earlyfail,eager,1,33,37107
kind=time,calculator,earlyfail,eager,2,33,866980
kind=time,calculator,earlyfail,eager,3,33,50973
kind=time,calculator,earlyfail,eager,0,34,461499
kind=time,calculator,earlyfail,eager,1,34,36144
kind=time,calculator,earlyfail,eager,2,34,871267
kind=time,calculator,earlyfail,eager,3,34,49590
kind=time,calculator,earlyfail,eager,0,35,457471
kind=time,calculator,earlyfail,eager,1,35,36665
kind=time,calculator,earlyfail,eager,2,35,872217
kind=time,calculator,earlyfail,eager,3,35,49738
kind=time,calculator,earlyfail,eager,0,36,459729
kind=time,calculator,earlyfail,eager,1,36,37053
kind=time,calculator,earlyfail,eager,2,36,874116
kind=time,calculator,earlyfail,eager,3,36,49817
kind=time,calculator,earlyfail,eager,0,37,454848
kind=time,calculator,earlyfail,eager,1,37,37133
kind=time,calculator,earlyfail,eager,2,37,863779
kind=time,calculator,earlyfail,eager,3,37,48463
kind=time,calculator,earlyfail,eager,0,38,456221
kind=time,calculator,earlyfail,eager,1,38,36605
kind=time,calculator,earlyfail,eager,2,38,864529
kind=time,calculator,earlyfail,eager,3,38,49454
kind=time,calculator,earlyfail,eager,0,39,462799
kind=time,calculator,earlyfail,eager,1,39,37097
kind=time,calculator,earlyfail,eager,2,39,879601
kind=time,calculator,earlyfail,eager,3,39,52305
kind=time,calculator,earlyfail,eager,0,40,463043
kind=time,calculator,earlyfail,eager,1,40,38000
kind=time,calculator,earlyfail,eager,2,40,871932
kind=time,calculator,earlyfail,eager,3,40,49407
kind=time,calculator,earlyfail,eager,0,41,469404
kind=time,calculator,earlyfail,eager,1,41,37231
kind=time,calculator,earlyfail,eager,2,41,878628
kind=time,calculator,earlyfail,eager,3,41,50398
kind=time,calculator,earlyfail,eager,0,42,472027
kind=time,calculator,earlyfail,eager,1,42,38239
kind=time,calculator,earlyfail,eager,2,42,883870
kind=time,calculator,earlyfail,eager,3,42,49912
kind=time,calculator,earlyfail,eager,0,43,458507
kind=time,calculator,earlyfail,eager,1,43,37214
kind=time,calculator,earlyfail,eager,2,43,870756
kind=time,calculator,earlyfail,eager,3,43,50181
kind=time,calculator,earlyfail,eager,0,44,459154
kind=time,calculator,earlyfail,eager,1,44,37030
kind=time,calculator,earlyfail,eager,2,44,868801
kind=time,calculator,earlyfail,eager,3,44,49948
kind=time,calculator,earlyfail,eager,0,45,457022
kind=time,calculator,earlyfail,eager,1,45,37194
kind=time,calculator,earlyfail,eager,2,45,869503
kind=time,calculator,earlyfail,eager,3,45,48974
kind=time,calculator,earlyfail,eager,0,46,461635
kind=time,calculator,earlyfail,eager,1,46,37942
kind=time,calculator,earlyfail,eager,2,46,884202
kind=time,calculator,earlyfail,eager,3,46,50769
kind=time,calculator,earlyfail,eager,0,47,468846
kind=time,calculator,earlyfail,eager,1,47,38827
kind=time,calculator,earlyfail,eager,2,47,881870
kind=time,calculator,earlyfail,eager,3,47,50469
kind=time,calculator,earlyfail,eager,0,48,468402
kind=time,calculator,earlyfail,eager,1,48,37318
kind=time,calculator,earlyfail,eager,2,48,880722
kind=time,calculator,earlyfail,eager,3,48,49431
kind=time,calculator,earlyfail,eager,0,49,461959
kind=time,calculator,earlyfail,eager,1,49,37607
kind=time,calculator,earlyfail,eager,2,49,877018
kind=time,calculator,earlyfail,eager,3,49,49582
kind=time,calculator,earlyfail,eager,0,50,456225
kind=time,calculator,earlyfail,eager,1,50,37490
kind=time,calculator,earlyfail,eager,2,50,868767
kind=time,calculator,earlyfail,eager,3,50,49401
kind=time,calculator,earlyfail,eager,0,51,458869
kind=time,calculator,earlyfail,eager,1,51,37624
kind=time,calculator,earlyfail,eager,2,51,875431
kind=time,calculator,earlyfail,eager,3,51,49948
kind=time,calculator,earlyfail,eager,0,52,465295
kind=time,calculator,earlyfail,eager,1,52,37641
kind=time,calculator,earlyfail,eager,2,52,872866
kind=time,calculator,earlyfail,eager,3,52,49056
kind=time,calculator,earlyfail,eager,0,53,464430
kind=time,calculator,earlyfail,eager,1,53,37691
kind=time,calculator,earlyfail,eager,2,53,885484
kind=time,calculator,earlyfail,eager,3,53,51522
kind=time,calculator,earlyfail,eager,0,54,469494
kind=time,calculator,earlyfail,eager,1,54,37676
kind=time,calculator,earlyfail,eager,2,54,882262
kind=time,calculator,earlyfail,eager,3,54,50089
kind=time,calculator,earlyfail,eager,0,55,469166
kind=time,calculator,earlyfail,eager,1,55,37122
kind=time,calculator,earlyfail,eager,2,55,876709
kind=time,calculator,earlyfail,eager,3,55,49333
kind=time,calculator,earlyfail,eager,0,56,460801
kind=time,calculator,earlyfail,eager,1,56,36950
kind=time,calculator,earlyfail,eager,2,56,868927
kind=time,calculator,earlyfail,eager,3,56,50435
kind=time,calculator,earlyfail,eager,0,57,458954
kind=time,calculator,earlyfail,eager,1,57,36964
kind=time,calculator,earlyfail,eager,2,57,873468
kind=time,calculator,earlyfail,eager,3,57,49158
kind=time,calculator,earlyfail,eager,0,58,460989
kind=time,calculator,earlyfail,eager,1,58,37271
kind=time,calculator,earlyfail,eager,2,58,870081
kind=time,calculator,earlyfail,eager,3,58,50165
kind=time,calculator,earlyfail,eager,0,59,461895
kind=time,calculator,earlyfail,eager,1,59,37046
kind=time,calculator,earlyfail,eager,2,59,871495
kind=time,calculator,earlyfail,eager,3,59,49557
kind=time,calculator,earlyfail,lazy,0,0,462017
kind=time,calculator,earlyfail,lazy,1,0,9571
kind=time,calculator,earlyfail,lazy,2,0,872792
kind=time,calculator,earlyfail,lazy,3,0,9805
kind=time,calculator,earlyfail,lazy,0,1,459862
kind=time,calculator,earlyfail,lazy,1,1,9549
kind=time,calculator,earlyfail,lazy,2,1,872364
kind=time,calculator,earlyfail,lazy,3,1,9974
kind=time,calculator,earlyfail,lazy,0,2,457122
kind=time,calculator,earlyfail,lazy,1,2,9706
kind=time,calculator,earlyfail,lazy,2,2,864372
kind=time,calculator,earlyfail,lazy,3,2,10148
kind=time,calculator,earlyfail,lazy,0,3,462936
kind=time,calculator,earlyfail,lazy,1,3,9754
kind=time,calculator,earlyfail,lazy,2,3,878284
kind=time,calculator,earlyfail,lazy,3,3,10365
kind=time,calculator,earlyfail,lazy,0,4,462465
kind=time,calculator,earlyfail,lazy,1,4,9836
kind=time,calculator,earlyfail,lazy,2,4,870494
kind=time,calculator,earlyfail,lazy,3,4,9730
kind=time,calculator,earlyfail,lazy,0,5,465279
kind=time,calculator,earlyfail,lazy,1,5,9840
kind=time,calculator,earlyfail,lazy,2,5,862548
kind=time,calculator,earlyfail,lazy,3,5,9789
kind=time,calculator,earlyfail,lazy,0,6,456465
kind=time,calculator,earlyfail,lazy,1,6,9521
kind=time,calculator,earlyfail,lazy,2,6,861936
kind=time,calculator,earlyfail,lazy,3,6,9693
kind=time,calculator,earlyfail,lazy,0,7,453389
kind=time,calculator,earlyfail,lazy,1,7,9752
kind=time,calculator,earlyfail,lazy,2,7,879730
kind=time,calculator,earlyfail,lazy,3,7,10198
kind=time,calculator,earlyfail,lazy,0,8,463500
kind=time,calculator,earlyfail,lazy,1,8,9674
kind=time,calculator,earlyfail,lazy,2,8,874900
kind=time,calculator,earlyfail,lazy,3,8,10089
kind=time,calculator,earlyfail,lazy,0,9,457383
kind=time,calculator,earlyfail,lazy,1,9,9506
kind=time,calculator,earlyfail,lazy,2,9,876637
kind=time,calculator,earlyfail,lazy,3,9,10309
kind=time,calculator,earlyfail,lazy,0,10,463757
kind=time,calculator,earlyfail,lazy,1,10,10173
kind=time,calculator,earlyfail,lazy,2,10,877235
kind=time,calculator,earlyfail,lazy,3,10,10172
kind=time,calculator,earlyfail,lazy,0,11,472947
kind=time,calculator,earlyfail,lazy,1,11,10018
kind=time,calculator,earlyfail,lazy,2,11,890626
kind=time,calculator,earlyfail,lazy,3,11,9898
kind=time,calculator,earlyfail,lazy,0,12,456712
kind=time,calculator,earlyfail,lazy,1,12,9983
kind=time,calculator,earlyfail,lazy,2,12,870915
kind=time,calculator,earlyfail,lazy,3,12,10362
kind=time,calculator,earlyfail,lazy,0,13,461712
kind=time,calculator,earlyfail,lazy,1,13,9635
kind=time,calculator,earlyfail,lazy,2,13,874261
kind=time,calculator,earlyfail,lazy,3,13,11646
kind=time,calculator,earlyfail,lazy,0,14,472831
kind=time,calculator,earlyfail,lazy,1,14,10355
kind=time,calculator,earlyfail,lazy,2,14,869763
kind=time,calculator,earlyfail,lazy,3,14,10208
kind=time,calculator,earlyfail,lazy,0,15,467896
kind=time,calculator,earlyfail,lazy,1,15,9814
kind=time,calculator,earlyfail,lazy,2,15,871043
kind=time,calculator,earlyfail,lazy,3,15,10537
kind=time,calculator,earlyfail,lazy,0,16,464725
kind=time,calculator,earlyfail,lazy,1,16,10149
kind=time,calculator,earlyfail,lazy,2,16,874792
kind=time,calculator,earlyfail,lazy,3,16,10928
kind=time,calculator,earlyfail,lazy,0,17,463720
kind=time,calculator,earlyfail,lazy,1,17,10192
kind=time,calculator,earlyfail,lazy,2,17,880124
kind=time,calculator,earlyfail,lazy,3,17,10466
kind=time,calculator,earlyfail,lazy,0,18,464596
kind=time,calculator,earlyfail,lazy,1,18,9881
kind=time,calculator,earlyfail,lazy,2,18,875242
kind=time,calculator,earlyfail,lazy,3,18,10464
kind=time,calculator,earlyfail,lazy,0,19,467870
kind=time,calculator,earlyfail,lazy,1,19,9952
kind=time,calculator,earlyfail,lazy,2,19,862851
kind=time,calculator,earlyfail,lazy,3,19,9892
kind=time,calculator,earlyfail,lazy,0,20,458897
kind=time,calculator,earlyfail,lazy,1,20,9800
kind=time,calculator,earlyfail,lazy,2,20,870151
kind=time,calculator,earlyfail,lazy,3,20,9838
kind=time,calculator,earlyfail,lazy,0,21,459334
kind=time,calculator,earlyfail,lazy,1,21,10038
kind=time,calculator,earlyfail,lazy,2,21,884333
kind=time,calculator,earlyfail,lazy,3,21,10229
kind=time,calculator,earlyfail,lazy,0,22,470330
kind=time,calculator,earlyfail,lazy,1,22,10015
kind=time,calculator,earlyfail,lazy,2,22,872343
kind=time,calculator,earlyfail,lazy,3,22,9809
kind=time,calculator,earlyfail,lazy,0,23,458547
kind=time,calculator,earlyfail,lazy,1,23,9817
kind=time,calculator,earlyfail,lazy,2,23,870323
kind=time,calculator,earlyfail,lazy,3,23,9760
kind=time,calculator,earlyfail,lazy,0,24,458667
kind=time,calculator,earlyfail,lazy,1,24,9943
kind=time,calculator,earlyfail,lazy,2,24,874659
kind=time,calculator,earlyfail,lazy,3,24,10012
kind=time,calculator,earlyfail,lazy,0,25,466833
kind=time,calculator,earlyfail,lazy,1,25,10869
kind=time,calculator,earlyfail,lazy,2,25,872788
kind=time,calculator,earlyfail,lazy,3,25,10268
kind=time,calculator,earlyfail,lazy,0,26,456486
kind=time,calculator,earlyfail,lazy,1,26,9679
kind=time,calculator,earlyfail,lazy,2,26,866600
kind=time,calculator,earlyfail,lazy,3,26,10305
kind=time,calculator,earlyfail,lazy,0,27,460826
kind=time,calculator,earlyfail,lazy,1,27,9805
kind=time,calculator,earlyfail,lazy,2,27,874766
kind=time,calculator,earlyfail,lazy,3,27,10142
kind=time,calculator,earlyfail,lazy,0,28,467101
kind=time,calculator,earlyfail,lazy,1,28,9922
kind=time,calculator,earlyfail,lazy,2,28,881144
kind=time,calculator,earlyfail,lazy,3,28,10676
kind=time,calculator,earlyfail,lazy,0,29,460587
kind=time,calculator,earlyfail,lazy,1,29,9770
kind=time,calculator,earlyfail,lazy,2,29,873904
kind=time,calculator,earlyfail,lazy,3,29,9685
kind=time,calculator,earlyfail,lazy,0,30,457684
kind=time,calculator,earlyfail,lazy,1,30,9658
kind=time,calculator,earlyfail,lazy,2,30,868784
kind=time,calculator,earlyfail,lazy,3,30,9670
kind=time,calculator,earlyfail,lazy,0,31,461326
kind=time,calculator,earlyfail,lazy,1,31,9836
kind=time,calculator,earlyfail,lazy,2,31,871776
kind=time,calculator,earlyfail,lazy,3,31,9867
kind=time,calculator,earlyfail,lazy,0,32,462490
kind=time,calculator,earlyfail,lazy,1,32,9956
kind=time,calculator,earlyfail,lazy,2,32,879491
kind=time,calculator,earlyfail,lazy,3,32,10067
kind=time,calculator,earlyfail,lazy,0,33,455976
kind=time,calculator,earlyfail,lazy,1,33,10727
kind=time,calculator,earlyfail,lazy,2,33,874910
kind=time,calculator,earlyfail,lazy,3,33,10193
kind=time,calculator,earlyfail,lazy,0,34,461008
kind=time,calculator,earlyfail,lazy,1,34,9904
kind=time,calculator,earlyfail,lazy,2,34,876563
kind=time,calculator,earlyfail,lazy,3,34,10120
kind=time,calculator,earlyfail,lazy,0,35,466185
kind=time,calculator,earlyfail,lazy,1,35,9838
kind=time,calculator,earlyfail,lazy,2,35,876840
kind=time,calculator,earlyfail,lazy,3,35,10289
kind=time,calculator,earlyfail,lazy,0,36,480346
kind=time,calculator,earlyfail,lazy,1,36,11044
kind=time,calculator,earlyfail,lazy,2,36,878262
kind=time,calculator,earlyfail,lazy,3,36,10251
kind=time,calculator,earlyfail,lazy,0,37,459368
kind=time,calculator,earlyfail,lazy,1,37,9880
kind=time,calculator,earlyfail,lazy,2,37,865262
kind=time,calculator,earlyfail,lazy,3,37,9895
kind=time,calculator,earlyfail,lazy,0,38,460207
kind=time,calculator,earlyfail,lazy,1,38,9577
kind=time,calculator,earlyfail,lazy,2,38,891460
kind=time,calculator,earlyfail,lazy,3,38,10156
kind=time,calculator,earlyfail,lazy,0,39,467211
kind=time,calculator,earlyfail,lazy,1,39,9834
kind=time,calculator,earlyfail,lazy,2,39,874321
kind=time,calculator,earlyfail,lazy,3,39,10353
kind=time,calculator,earlyfail,lazy,0,40,456207
kind=time,calculator,earlyfail,lazy,1,40,9803
kind=time,calculator,earlyfail,lazy,2,40,877054
kind=time,calculator,earlyfail,lazy,3,40,10140
kind=time,calculator,earlyfail,lazy,0,41,463486
kind=time,calculator,earlyfail,lazy,1,41,9934
kind=time,calculator,earlyfail,lazy,2,41,871261
kind=time,calculator,earlyfail,lazy,3,41,9849
kind=time,calculator,earlyfail,lazy,0,42,462917
kind=time,calculator,earlyfail,lazy,1,42,9845
kind=time,calculator,earlyfail,lazy,2,42,871405
kind=time,calculator,earlyfail,lazy,3,42,10265
kind=time,calculator,earlyfail,lazy,0,43,466835
kind=time,calculator,earlyfail,lazy,1,43,9662
kind=time,calculator,earlyfail,lazy,2,43,882037
kind=time,calculator,earlyfail,lazy,3,43,10279
kind=time,calculator,earlyfail,lazy,0,44,458525
kind=time,calculator,earlyfail,lazy,1,44,9726
kind=time,calculator,earlyfail,lazy,2,44,869715
kind=time,calculator,earlyfail,lazy,3,44,9740
kind=time,calculator,earlyfail,lazy,0,45,462096
kind=time,calculator,earlyfail,lazy,1,45,9797
kind=time,calculator,earlyfail,lazy,2,45,868875
kind=time,calculator,earlyfail,lazy,3,45,9760
kind=time,calculator,earlyfail,lazy,0,46,459830
kind=time,calculator,earlyfail,lazy,1,46,9843
kind=time,calculator,earlyfail,lazy,2,46,891333
kind=time,calculator,earlyfail,lazy,3,46,10325
kind=time,calculator,earlyfail,lazy,0,47,464568
kind=time,calculator,earlyfail,lazy,1,47,10406
kind=time,calculator,earlyfail,lazy,2,47,875208
kind=time,calculator,earlyfail,lazy,3,47,21398
kind=time,calculator,earlyfail,lazy,0,48,489754
kind=time,calculator,earlyfail,lazy,1,48,29679
kind=time,calculator,earlyfail,lazy,2,48,888623
kind=time,calculator,earlyfail,lazy,3,48,10300
kind=time,calculator,earlyfail,lazy,0,49,466011
kind=time,calculator,earlyfail,lazy,1,49,9955
kind=time,calculator,earlyfail,lazy,2,49,906524
kind=time,calculator,earlyfail,lazy,3,49,10236
kind=time,calculator,earlyfail,lazy,0,50,473918
kind=time,calculator,earlyfail,lazy,1,50,9802
kind=time,calculator,earlyfail,lazy,2,50,880891
kind=time,calculator,earlyfail,lazy,3,50,11242
kind=time,calculator,earlyfail,lazy,0,51,458356
kind=time,calculator,earlyfail,lazy,1,51,9853
kind=time,calculator,earlyfail,lazy,2,51,869022
kind=time,calculator,earlyfail,lazy,3,51,9974
kind=time,calculator,earlyfail,lazy,0,52,461782
kind=time,calculator,earlyfail,lazy,1,52,9901
kind=time,calculator,earlyfail,lazy,2,52,880060
kind=time,calculator,earlyfail,lazy,3,52,10744
kind=time,calculator,earlyfail,lazy,0,53,464177
kind=time,calculator,earlyfail,lazy,1,53,9669
kind=time,calculator,earlyfail,lazy,2,53,877906
kind=time,calculator,earlyfail,lazy,3,53,9917
kind=time,calculator,earlyfail,lazy,0,54,464990
kind=time,calculator,earlyfail,lazy,1,54,9709
kind=time,calculator,earlyfail,lazy,2,54,877677
kind=time,calculator,earlyfail,lazy,3,54,9938
kind=time,calculator,earlyfail,lazy,0,55,455753
kind=time,calculator,earlyfail,lazy,1,55,9826
kind=time,calculator,earlyfail,lazy,2,55,873394
kind=time,calculator,earlyfail,lazy,3,55,9997
kind=time,calculator,earlyfail,lazy,0,56,462900
kind=time,calculator,earlyfail,lazy,1,56,9819
kind=time,calculator,earlyfail,lazy,2,56,872383
kind=time,calculator,earlyfail,lazy,3,56,10391
kind=time,calculator,earlyfail,lazy,0,57,617832
kind=time,calculator,earlyfail,lazy,1,57,9764
kind=time,calculator,earlyfail,lazy,2,57,869417
kind=time,calculator,earlyfail,lazy,3,57,10062
kind=time,calculator,earlyfail,lazy,0,58,467905
kind=time,calculator,earlyfail,lazy,1,58,10433
kind=time,calculator,earlyfail,lazy,2,58,882834
kind=time,calculator,earlyfail,lazy,3,58,10253
kind=time,calculator,earlyfail,lazy,0,59,466603
kind=time,calculator,earlyfail,lazy,1,59,9942
kind=time,calculator,earlyfail,lazy,2,59,866493
kind=time,calculator,earlyfail,lazy,3,59,9929
kind=time,rhocalc,full,eager,0,0,1064728
kind=time,rhocalc,full,eager,1,0,2996249
kind=time,rhocalc,full,eager,2,0,381749
kind=time,rhocalc,full,eager,3,0,8066627
kind=time,rhocalc,full,eager,0,1,1059751
kind=time,rhocalc,full,eager,1,1,2952950
kind=time,rhocalc,full,eager,2,1,382563
kind=time,rhocalc,full,eager,3,1,8008064
kind=time,rhocalc,full,eager,0,2,1056995
kind=time,rhocalc,full,eager,1,2,2919445
kind=time,rhocalc,full,eager,2,2,379856
kind=time,rhocalc,full,eager,3,2,7985863
kind=time,rhocalc,full,eager,0,3,1064445
kind=time,rhocalc,full,eager,1,3,2942262
kind=time,rhocalc,full,eager,2,3,382025
kind=time,rhocalc,full,eager,3,3,7942190
kind=time,rhocalc,full,eager,0,4,1062996
kind=time,rhocalc,full,eager,1,4,2948058
kind=time,rhocalc,full,eager,2,4,380879
kind=time,rhocalc,full,eager,3,4,7980781
kind=time,rhocalc,full,eager,0,5,1061429
kind=time,rhocalc,full,eager,1,5,2932461
kind=time,rhocalc,full,eager,2,5,379150
kind=time,rhocalc,full,eager,3,5,7993406
kind=time,rhocalc,full,eager,0,6,1059025
kind=time,rhocalc,full,eager,1,6,2921334
kind=time,rhocalc,full,eager,2,6,380345
kind=time,rhocalc,full,eager,3,6,8070174
kind=time,rhocalc,full,eager,0,7,1066291
kind=time,rhocalc,full,eager,1,7,2931052
kind=time,rhocalc,full,eager,2,7,382495
kind=time,rhocalc,full,eager,3,7,8001340
kind=time,rhocalc,full,eager,0,8,1064341
kind=time,rhocalc,full,eager,1,8,2962719
kind=time,rhocalc,full,eager,2,8,381460
kind=time,rhocalc,full,eager,3,8,7974152
kind=time,rhocalc,full,eager,0,9,1067602
kind=time,rhocalc,full,eager,1,9,2939268
kind=time,rhocalc,full,eager,2,9,382053
kind=time,rhocalc,full,eager,3,9,8015751
kind=time,rhocalc,full,eager,0,10,1063372
kind=time,rhocalc,full,eager,1,10,2943814
kind=time,rhocalc,full,eager,2,10,379769
kind=time,rhocalc,full,eager,3,10,7994206
kind=time,rhocalc,full,eager,0,11,1062446
kind=time,rhocalc,full,eager,1,11,2932999
kind=time,rhocalc,full,eager,2,11,381548
kind=time,rhocalc,full,eager,3,11,8007362
kind=time,rhocalc,full,eager,0,12,1062506
kind=time,rhocalc,full,eager,1,12,2935122
kind=time,rhocalc,full,eager,2,12,380665
kind=time,rhocalc,full,eager,3,12,8029505
kind=time,rhocalc,full,eager,0,13,1064056
kind=time,rhocalc,full,eager,1,13,2942078
kind=time,rhocalc,full,eager,2,13,381571
kind=time,rhocalc,full,eager,3,13,7990689
kind=time,rhocalc,full,eager,0,14,1058715
kind=time,rhocalc,full,eager,1,14,2940251
kind=time,rhocalc,full,eager,2,14,381524
kind=time,rhocalc,full,eager,3,14,7993891
kind=time,rhocalc,full,eager,0,15,1065711
kind=time,rhocalc,full,eager,1,15,2934706
kind=time,rhocalc,full,eager,2,15,378309
kind=time,rhocalc,full,eager,3,15,7977517
kind=time,rhocalc,full,eager,0,16,1070607
kind=time,rhocalc,full,eager,1,16,2938618
kind=time,rhocalc,full,eager,2,16,380667
kind=time,rhocalc,full,eager,3,16,7983368
kind=time,rhocalc,full,eager,0,17,1065447
kind=time,rhocalc,full,eager,1,17,2941142
kind=time,rhocalc,full,eager,2,17,377013
kind=time,rhocalc,full,eager,3,17,8005197
kind=time,rhocalc,full,eager,0,18,1062741
kind=time,rhocalc,full,eager,1,18,2938336
kind=time,rhocalc,full,eager,2,18,379889
kind=time,rhocalc,full,eager,3,18,7989211
kind=time,rhocalc,full,eager,0,19,1060996
kind=time,rhocalc,full,eager,1,19,2935365
kind=time,rhocalc,full,eager,2,19,379713
kind=time,rhocalc,full,eager,3,19,8028689
kind=time,rhocalc,full,eager,0,20,1066773
kind=time,rhocalc,full,eager,1,20,2941236
kind=time,rhocalc,full,eager,2,20,375400
kind=time,rhocalc,full,eager,3,20,7942638
kind=time,rhocalc,full,eager,0,21,1056274
kind=time,rhocalc,full,eager,1,21,2922043
kind=time,rhocalc,full,eager,2,21,378873
kind=time,rhocalc,full,eager,3,21,7912771
kind=time,rhocalc,full,eager,0,22,1056943
kind=time,rhocalc,full,eager,1,22,2915943
kind=time,rhocalc,full,eager,2,22,381157
kind=time,rhocalc,full,eager,3,22,7919713
kind=time,rhocalc,full,eager,0,23,1056234
kind=time,rhocalc,full,eager,1,23,2915773
kind=time,rhocalc,full,eager,2,23,380500
kind=time,rhocalc,full,eager,3,23,7962294
kind=time,rhocalc,full,eager,0,24,1055186
kind=time,rhocalc,full,eager,1,24,3434108
kind=time,rhocalc,full,eager,2,24,396660
kind=time,rhocalc,full,eager,3,24,7954876
kind=time,rhocalc,full,eager,0,25,1059700
kind=time,rhocalc,full,eager,1,25,2956726
kind=time,rhocalc,full,eager,2,25,381882
kind=time,rhocalc,full,eager,3,25,7985245
kind=time,rhocalc,full,eager,0,26,1058920
kind=time,rhocalc,full,eager,1,26,2917099
kind=time,rhocalc,full,eager,2,26,378753
kind=time,rhocalc,full,eager,3,26,7947789
kind=time,rhocalc,full,eager,0,27,1053259
kind=time,rhocalc,full,eager,1,27,2932677
kind=time,rhocalc,full,eager,2,27,380077
kind=time,rhocalc,full,eager,3,27,7958897
kind=time,rhocalc,full,eager,0,28,1058409
kind=time,rhocalc,full,eager,1,28,2915109
kind=time,rhocalc,full,eager,2,28,377204
kind=time,rhocalc,full,eager,3,28,7926029
kind=time,rhocalc,full,eager,0,29,1069025
kind=time,rhocalc,full,eager,1,29,2926765
kind=time,rhocalc,full,eager,2,29,380251
kind=time,rhocalc,full,eager,3,29,7926334
kind=time,rhocalc,full,eager,0,30,1059384
kind=time,rhocalc,full,eager,1,30,2939453
kind=time,rhocalc,full,eager,2,30,377949
kind=time,rhocalc,full,eager,3,30,7945901
kind=time,rhocalc,full,eager,0,31,1061225
kind=time,rhocalc,full,eager,1,31,2916258
kind=time,rhocalc,full,eager,2,31,377400
kind=time,rhocalc,full,eager,3,31,7942993
kind=time,rhocalc,full,eager,0,32,1058172
kind=time,rhocalc,full,eager,1,32,2927561
kind=time,rhocalc,full,eager,2,32,380085
kind=time,rhocalc,full,eager,3,32,7933913
kind=time,rhocalc,full,eager,0,33,1060086
kind=time,rhocalc,full,eager,1,33,2927218
kind=time,rhocalc,full,eager,2,33,378090
kind=time,rhocalc,full,eager,3,33,7962976
kind=time,rhocalc,full,eager,0,34,1056185
kind=time,rhocalc,full,eager,1,34,2932522
kind=time,rhocalc,full,eager,2,34,377291
kind=time,rhocalc,full,eager,3,34,7952157
kind=time,rhocalc,full,eager,0,35,1058171
kind=time,rhocalc,full,eager,1,35,2912149
kind=time,rhocalc,full,eager,2,35,376156
kind=time,rhocalc,full,eager,3,35,7936671
kind=time,rhocalc,full,eager,0,36,1052687
kind=time,rhocalc,full,eager,1,36,2925271
kind=time,rhocalc,full,eager,2,36,375508
kind=time,rhocalc,full,eager,3,36,7935472
kind=time,rhocalc,full,eager,0,37,1058106
kind=time,rhocalc,full,eager,1,37,2924816
kind=time,rhocalc,full,eager,2,37,380652
kind=time,rhocalc,full,eager,3,37,8001554
kind=time,rhocalc,full,eager,0,38,1051084
kind=time,rhocalc,full,eager,1,38,2927433
kind=time,rhocalc,full,eager,2,38,381729
kind=time,rhocalc,full,eager,3,38,7929954
kind=time,rhocalc,full,eager,0,39,1057853
kind=time,rhocalc,full,eager,1,39,2929061
kind=time,rhocalc,full,eager,2,39,379592
kind=time,rhocalc,full,eager,3,39,7932825
kind=time,rhocalc,full,eager,0,40,1055521
kind=time,rhocalc,full,eager,1,40,2916300
kind=time,rhocalc,full,eager,2,40,377768
kind=time,rhocalc,full,eager,3,40,7945374
kind=time,rhocalc,full,eager,0,41,1052482
kind=time,rhocalc,full,eager,1,41,2921187
kind=time,rhocalc,full,eager,2,41,377908
kind=time,rhocalc,full,eager,3,41,7913893
kind=time,rhocalc,full,eager,0,42,1059591
kind=time,rhocalc,full,eager,1,42,2925481
kind=time,rhocalc,full,eager,2,42,378735
kind=time,rhocalc,full,eager,3,42,7913952
kind=time,rhocalc,full,eager,0,43,1061562
kind=time,rhocalc,full,eager,1,43,2920132
kind=time,rhocalc,full,eager,2,43,377345
kind=time,rhocalc,full,eager,3,43,7933304
kind=time,rhocalc,full,eager,0,44,1060648
kind=time,rhocalc,full,eager,1,44,2923200
kind=time,rhocalc,full,eager,2,44,378432
kind=time,rhocalc,full,eager,3,44,7943061
kind=time,rhocalc,full,eager,0,45,1057824
kind=time,rhocalc,full,eager,1,45,2911776
kind=time,rhocalc,full,eager,2,45,377216
kind=time,rhocalc,full,eager,3,45,7932410
kind=time,rhocalc,full,eager,0,46,1057102
kind=time,rhocalc,full,eager,1,46,2913345
kind=time,rhocalc,full,eager,2,46,376602
kind=time,rhocalc,full,eager,3,46,7933393
kind=time,rhocalc,full,eager,0,47,1053888
kind=time,rhocalc,full,eager,1,47,2918324
kind=time,rhocalc,full,eager,2,47,379084
kind=time,rhocalc,full,eager,3,47,7965881
kind=time,rhocalc,full,eager,0,48,1067647
kind=time,rhocalc,full,eager,1,48,2930552
kind=time,rhocalc,full,eager,2,48,377699
kind=time,rhocalc,full,eager,3,48,7936223
kind=time,rhocalc,full,eager,0,49,1051525
kind=time,rhocalc,full,eager,1,49,2909961
kind=time,rhocalc,full,eager,2,49,379953
kind=time,rhocalc,full,eager,3,49,7939933
kind=time,rhocalc,full,eager,0,50,1059338
kind=time,rhocalc,full,eager,1,50,2924434
kind=time,rhocalc,full,eager,2,50,382979
kind=time,rhocalc,full,eager,3,50,7992970
kind=time,rhocalc,full,eager,0,51,1064667
kind=time,rhocalc,full,eager,1,51,2938385
kind=time,rhocalc,full,eager,2,51,383193
kind=time,rhocalc,full,eager,3,51,7988593
kind=time,rhocalc,full,eager,0,52,1065209
kind=time,rhocalc,full,eager,1,52,2940735
kind=time,rhocalc,full,eager,2,52,379417
kind=time,rhocalc,full,eager,3,52,7976233
kind=time,rhocalc,full,eager,0,53,1059792
kind=time,rhocalc,full,eager,1,53,2937084
kind=time,rhocalc,full,eager,2,53,378405
kind=time,rhocalc,full,eager,3,53,7981511
kind=time,rhocalc,full,eager,0,54,1056268
kind=time,rhocalc,full,eager,1,54,2926339
kind=time,rhocalc,full,eager,2,54,380469
kind=time,rhocalc,full,eager,3,54,7971505
kind=time,rhocalc,full,eager,0,55,1061905
kind=time,rhocalc,full,eager,1,55,2920296
kind=time,rhocalc,full,eager,2,55,380168
kind=time,rhocalc,full,eager,3,55,7946118
kind=time,rhocalc,full,eager,0,56,1059318
kind=time,rhocalc,full,eager,1,56,2936266
kind=time,rhocalc,full,eager,2,56,377856
kind=time,rhocalc,full,eager,3,56,7969406
kind=time,rhocalc,full,eager,0,57,1061428
kind=time,rhocalc,full,eager,1,57,2931842
kind=time,rhocalc,full,eager,2,57,380335
kind=time,rhocalc,full,eager,3,57,7972942
kind=time,rhocalc,full,eager,0,58,1063184
kind=time,rhocalc,full,eager,1,58,2954033
kind=time,rhocalc,full,eager,2,58,379179
kind=time,rhocalc,full,eager,3,58,7978272
kind=time,rhocalc,full,eager,0,59,1063876
kind=time,rhocalc,full,eager,1,59,2937979
kind=time,rhocalc,full,eager,2,59,377242
kind=time,rhocalc,full,eager,3,59,7999172
kind=time,rhocalc,full,lazy,0,0,1078712
kind=time,rhocalc,full,lazy,1,0,2950117
kind=time,rhocalc,full,lazy,2,0,384594
kind=time,rhocalc,full,lazy,3,0,8043244
kind=time,rhocalc,full,lazy,0,1,1076395
kind=time,rhocalc,full,lazy,1,1,2947563
kind=time,rhocalc,full,lazy,2,1,382179
kind=time,rhocalc,full,lazy,3,1,8052986
kind=time,rhocalc,full,lazy,0,2,1071865
kind=time,rhocalc,full,lazy,1,2,2943855
kind=time,rhocalc,full,lazy,2,2,381642
kind=time,rhocalc,full,lazy,3,2,8039119
kind=time,rhocalc,full,lazy,0,3,1071935
kind=time,rhocalc,full,lazy,1,3,2937061
kind=time,rhocalc,full,lazy,2,3,383061
kind=time,rhocalc,full,lazy,3,3,8036172
kind=time,rhocalc,full,lazy,0,4,1070038
kind=time,rhocalc,full,lazy,1,4,2952523
kind=time,rhocalc,full,lazy,2,4,383139
kind=time,rhocalc,full,lazy,3,4,8066362
kind=time,rhocalc,full,lazy,0,5,1077333
kind=time,rhocalc,full,lazy,1,5,2956389
kind=time,rhocalc,full,lazy,2,5,383050
kind=time,rhocalc,full,lazy,3,5,8057818
kind=time,rhocalc,full,lazy,0,6,1072984
kind=time,rhocalc,full,lazy,1,6,2944716
kind=time,rhocalc,full,lazy,2,6,383538
kind=time,rhocalc,full,lazy,3,6,8073417
kind=time,rhocalc,full,lazy,0,7,1086321
kind=time,rhocalc,full,lazy,1,7,2945880
kind=time,rhocalc,full,lazy,2,7,382594
kind=time,rhocalc,full,lazy,3,7,8076244
kind=time,rhocalc,full,lazy,0,8,1072644
kind=time,rhocalc,full,lazy,1,8,2944588
kind=time,rhocalc,full,lazy,2,8,383894
kind=time,rhocalc,full,lazy,3,8,8085783
kind=time,rhocalc,full,lazy,0,9,1076082
kind=time,rhocalc,full,lazy,1,9,2967810
kind=time,rhocalc,full,lazy,2,9,383613
kind=time,rhocalc,full,lazy,3,9,8049046
kind=time,rhocalc,full,lazy,0,10,1070228
kind=time,rhocalc,full,lazy,1,10,2937669
kind=time,rhocalc,full,lazy,2,10,383331
kind=time,rhocalc,full,lazy,3,10,8050779
kind=time,rhocalc,full,lazy,0,11,1071741
kind=time,rhocalc,full,lazy,1,11,2945135
kind=time,rhocalc,full,lazy,2,11,404483
kind=time,rhocalc,full,lazy,3,11,8078015
kind=time,rhocalc,full,lazy,0,12,1074167
kind=time,rhocalc,full,lazy,1,12,2942638
kind=time,rhocalc,full,lazy,2,12,382927
kind=time,rhocalc,full,lazy,3,12,8058397
kind=time,rhocalc,full,lazy,0,13,1071214
kind=time,rhocalc,full,lazy,1,13,2940186
kind=time,rhocalc,full,lazy,2,13,382962
kind=time,rhocalc,full,lazy,3,13,8066805
kind=time,rhocalc,full,lazy,0,14,1088185
kind=time,rhocalc,full,lazy,1,14,3012663
kind=time,rhocalc,full,lazy,2,14,383101
kind=time,rhocalc,full,lazy,3,14,8045520
kind=time,rhocalc,full,lazy,0,15,1068895
kind=time,rhocalc,full,lazy,1,15,2947571
kind=time,rhocalc,full,lazy,2,15,381841
kind=time,rhocalc,full,lazy,3,15,8038424
kind=time,rhocalc,full,lazy,0,16,1063699
kind=time,rhocalc,full,lazy,1,16,2944050
kind=time,rhocalc,full,lazy,2,16,382813
kind=time,rhocalc,full,lazy,3,16,8065198
kind=time,rhocalc,full,lazy,0,17,1069433
kind=time,rhocalc,full,lazy,1,17,2949582
kind=time,rhocalc,full,lazy,2,17,384024
kind=time,rhocalc,full,lazy,3,17,8061371
kind=time,rhocalc,full,lazy,0,18,1072307
kind=time,rhocalc,full,lazy,1,18,2948321
kind=time,rhocalc,full,lazy,2,18,384714
kind=time,rhocalc,full,lazy,3,18,8077646
kind=time,rhocalc,full,lazy,0,19,1070475
kind=time,rhocalc,full,lazy,1,19,2945701
kind=time,rhocalc,full,lazy,2,19,383847
kind=time,rhocalc,full,lazy,3,19,8062980
kind=time,rhocalc,full,lazy,0,20,1071302
kind=time,rhocalc,full,lazy,1,20,2944280
kind=time,rhocalc,full,lazy,2,20,382087
kind=time,rhocalc,full,lazy,3,20,8060211
kind=time,rhocalc,full,lazy,0,21,1071810
kind=time,rhocalc,full,lazy,1,21,2948690
kind=time,rhocalc,full,lazy,2,21,384663
kind=time,rhocalc,full,lazy,3,21,8062249
kind=time,rhocalc,full,lazy,0,22,1069040
kind=time,rhocalc,full,lazy,1,22,2946845
kind=time,rhocalc,full,lazy,2,22,387154
kind=time,rhocalc,full,lazy,3,22,8064970
kind=time,rhocalc,full,lazy,0,23,1067836
kind=time,rhocalc,full,lazy,1,23,2951969
kind=time,rhocalc,full,lazy,2,23,384304
kind=time,rhocalc,full,lazy,3,23,8084474
kind=time,rhocalc,full,lazy,0,24,1067396
kind=time,rhocalc,full,lazy,1,24,2947603
kind=time,rhocalc,full,lazy,2,24,383441
kind=time,rhocalc,full,lazy,3,24,8064339
kind=time,rhocalc,full,lazy,0,25,1068151
kind=time,rhocalc,full,lazy,1,25,2954774
kind=time,rhocalc,full,lazy,2,25,383019
kind=time,rhocalc,full,lazy,3,25,8088621
kind=time,rhocalc,full,lazy,0,26,1071639
kind=time,rhocalc,full,lazy,1,26,2951629
kind=time,rhocalc,full,lazy,2,26,383806
kind=time,rhocalc,full,lazy,3,26,8072124
kind=time,rhocalc,full,lazy,0,27,1072099
kind=time,rhocalc,full,lazy,1,27,2943243
kind=time,rhocalc,full,lazy,2,27,386480
kind=time,rhocalc,full,lazy,3,27,8113626
kind=time,rhocalc,full,lazy,0,28,1072986
kind=time,rhocalc,full,lazy,1,28,2934603
kind=time,rhocalc,full,lazy,2,28,383661
kind=time,rhocalc,full,lazy,3,28,8070131
kind=time,rhocalc,full,lazy,0,29,1073871
kind=time,rhocalc,full,lazy,1,29,2958871
kind=time,rhocalc,full,lazy,2,29,387456
kind=time,rhocalc,full,lazy,3,29,8160216
kind=time,rhocalc,full,lazy,0,30,1072208
kind=time,rhocalc,full,lazy,1,30,2976209
kind=time,rhocalc,full,lazy,2,30,384409
kind=time,rhocalc,full,lazy,3,30,8078293
kind=time,rhocalc,full,lazy,0,31,1068853
kind=time,rhocalc,full,lazy,1,31,2967841
kind=time,rhocalc,full,lazy,2,31,386728
kind=time,rhocalc,full,lazy,3,31,8127013
kind=time,rhocalc,full,lazy,0,32,1073968
kind=time,rhocalc,full,lazy,1,32,2954859
kind=time,rhocalc,full,lazy,2,32,386336
kind=time,rhocalc,full,lazy,3,32,8078766
kind=time,rhocalc,full,lazy,0,33,1067969
kind=time,rhocalc,full,lazy,1,33,2962720
kind=time,rhocalc,full,lazy,2,33,383689
kind=time,rhocalc,full,lazy,3,33,8089301
kind=time,rhocalc,full,lazy,0,34,1071165
kind=time,rhocalc,full,lazy,1,34,2961138
kind=time,rhocalc,full,lazy,2,34,383777
kind=time,rhocalc,full,lazy,3,34,8089607
kind=time,rhocalc,full,lazy,0,35,1070332
kind=time,rhocalc,full,lazy,1,35,2960872
kind=time,rhocalc,full,lazy,2,35,386270
kind=time,rhocalc,full,lazy,3,35,8100922
kind=time,rhocalc,full,lazy,0,36,1077692
kind=time,rhocalc,full,lazy,1,36,2958819
kind=time,rhocalc,full,lazy,2,36,381787
kind=time,rhocalc,full,lazy,3,36,8092392
kind=time,rhocalc,full,lazy,0,37,1083981
kind=time,rhocalc,full,lazy,1,37,2965489
kind=time,rhocalc,full,lazy,2,37,381906
kind=time,rhocalc,full,lazy,3,37,8068011
kind=time,rhocalc,full,lazy,0,38,1075371
kind=time,rhocalc,full,lazy,1,38,2954275
kind=time,rhocalc,full,lazy,2,38,385254
kind=time,rhocalc,full,lazy,3,38,8081910
kind=time,rhocalc,full,lazy,0,39,1070987
kind=time,rhocalc,full,lazy,1,39,2939573
kind=time,rhocalc,full,lazy,2,39,384840
kind=time,rhocalc,full,lazy,3,39,8091211
kind=time,rhocalc,full,lazy,0,40,1078989
kind=time,rhocalc,full,lazy,1,40,2951903
kind=time,rhocalc,full,lazy,2,40,381880
kind=time,rhocalc,full,lazy,3,40,8087557
kind=time,rhocalc,full,lazy,0,41,1074648
kind=time,rhocalc,full,lazy,1,41,2959609
kind=time,rhocalc,full,lazy,2,41,383145
kind=time,rhocalc,full,lazy,3,41,8091125
kind=time,rhocalc,full,lazy,0,42,1078652
kind=time,rhocalc,full,lazy,1,42,2990747
kind=time,rhocalc,full,lazy,2,42,381272
kind=time,rhocalc,full,lazy,3,42,8087554
kind=time,rhocalc,full,lazy,0,43,1072481
kind=time,rhocalc,full,lazy,1,43,2982473
kind=time,rhocalc,full,lazy,2,43,382620
kind=time,rhocalc,full,lazy,3,43,8117438
kind=time,rhocalc,full,lazy,0,44,1072885
kind=time,rhocalc,full,lazy,1,44,2955834
kind=time,rhocalc,full,lazy,2,44,385784
kind=time,rhocalc,full,lazy,3,44,8086500
kind=time,rhocalc,full,lazy,0,45,1075195
kind=time,rhocalc,full,lazy,1,45,2952377
kind=time,rhocalc,full,lazy,2,45,384253
kind=time,rhocalc,full,lazy,3,45,8073260
kind=time,rhocalc,full,lazy,0,46,1072773
kind=time,rhocalc,full,lazy,1,46,2942345
kind=time,rhocalc,full,lazy,2,46,383504
kind=time,rhocalc,full,lazy,3,46,8061689
kind=time,rhocalc,full,lazy,0,47,1069465
kind=time,rhocalc,full,lazy,1,47,2934965
kind=time,rhocalc,full,lazy,2,47,384949
kind=time,rhocalc,full,lazy,3,47,8067524
kind=time,rhocalc,full,lazy,0,48,1081124
kind=time,rhocalc,full,lazy,1,48,2954872
kind=time,rhocalc,full,lazy,2,48,384989
kind=time,rhocalc,full,lazy,3,48,8080171
kind=time,rhocalc,full,lazy,0,49,1068988
kind=time,rhocalc,full,lazy,1,49,2967630
kind=time,rhocalc,full,lazy,2,49,384953
kind=time,rhocalc,full,lazy,3,49,8103894
kind=time,rhocalc,full,lazy,0,50,1076581
kind=time,rhocalc,full,lazy,1,50,2953861
kind=time,rhocalc,full,lazy,2,50,385837
kind=time,rhocalc,full,lazy,3,50,8109249
kind=time,rhocalc,full,lazy,0,51,1078109
kind=time,rhocalc,full,lazy,1,51,2957077
kind=time,rhocalc,full,lazy,2,51,383277
kind=time,rhocalc,full,lazy,3,51,8088161
kind=time,rhocalc,full,lazy,0,52,1071406
kind=time,rhocalc,full,lazy,1,52,2950360
kind=time,rhocalc,full,lazy,2,52,382264
kind=time,rhocalc,full,lazy,3,52,8048805
kind=time,rhocalc,full,lazy,0,53,1068144
kind=time,rhocalc,full,lazy,1,53,2955306
kind=time,rhocalc,full,lazy,2,53,383640
kind=time,rhocalc,full,lazy,3,53,8090037
kind=time,rhocalc,full,lazy,0,54,1084009
kind=time,rhocalc,full,lazy,1,54,2956432
kind=time,rhocalc,full,lazy,2,54,382703
kind=time,rhocalc,full,lazy,3,54,8106796
kind=time,rhocalc,full,lazy,0,55,1074051
kind=time,rhocalc,full,lazy,1,55,2954676
kind=time,rhocalc,full,lazy,2,55,385801
kind=time,rhocalc,full,lazy,3,55,8016004
kind=time,rhocalc,full,lazy,0,56,1020038
kind=time,rhocalc,full,lazy,1,56,2811398
kind=time,rhocalc,full,lazy,2,56,367858
kind=time,rhocalc,full,lazy,3,56,7704533
kind=time,rhocalc,full,lazy,0,57,1007135
kind=time,rhocalc,full,lazy,1,57,2793797
kind=time,rhocalc,full,lazy,2,57,369551
kind=time,rhocalc,full,lazy,3,57,7670503
kind=time,rhocalc,full,lazy,0,58,1027785
kind=time,rhocalc,full,lazy,1,58,2799874
kind=time,rhocalc,full,lazy,2,58,361319
kind=time,rhocalc,full,lazy,3,58,7585834
kind=time,rhocalc,full,lazy,0,59,1027121
kind=time,rhocalc,full,lazy,1,59,2798203
kind=time,rhocalc,full,lazy,2,59,355590
kind=time,rhocalc,full,lazy,3,59,7673908
kind=time,rhocalc,earlyfail,eager,0,0,40934
kind=time,rhocalc,earlyfail,eager,1,0,306800
kind=time,rhocalc,earlyfail,eager,2,0,31637
kind=time,rhocalc,earlyfail,eager,0,1,40867
kind=time,rhocalc,earlyfail,eager,1,1,303614
kind=time,rhocalc,earlyfail,eager,2,1,31602
kind=time,rhocalc,earlyfail,eager,0,2,40379
kind=time,rhocalc,earlyfail,eager,1,2,308743
kind=time,rhocalc,earlyfail,eager,2,2,31633
kind=time,rhocalc,earlyfail,eager,0,3,40895
kind=time,rhocalc,earlyfail,eager,1,3,305051
kind=time,rhocalc,earlyfail,eager,2,3,31701
kind=time,rhocalc,earlyfail,eager,0,4,40734
kind=time,rhocalc,earlyfail,eager,1,4,309574
kind=time,rhocalc,earlyfail,eager,2,4,31478
kind=time,rhocalc,earlyfail,eager,0,5,41106
kind=time,rhocalc,earlyfail,eager,1,5,306507
kind=time,rhocalc,earlyfail,eager,2,5,31061
kind=time,rhocalc,earlyfail,eager,0,6,39329
kind=time,rhocalc,earlyfail,eager,1,6,316743
kind=time,rhocalc,earlyfail,eager,2,6,32011
kind=time,rhocalc,earlyfail,eager,0,7,41560
kind=time,rhocalc,earlyfail,eager,1,7,312675
kind=time,rhocalc,earlyfail,eager,2,7,31761
kind=time,rhocalc,earlyfail,eager,0,8,41283
kind=time,rhocalc,earlyfail,eager,1,8,309088
kind=time,rhocalc,earlyfail,eager,2,8,31897
kind=time,rhocalc,earlyfail,eager,0,9,41008
kind=time,rhocalc,earlyfail,eager,1,9,306746
kind=time,rhocalc,earlyfail,eager,2,9,31674
kind=time,rhocalc,earlyfail,eager,0,10,40633
kind=time,rhocalc,earlyfail,eager,1,10,298895
kind=time,rhocalc,earlyfail,eager,2,10,30210
kind=time,rhocalc,earlyfail,eager,0,11,40290
kind=time,rhocalc,earlyfail,eager,1,11,302896
kind=time,rhocalc,earlyfail,eager,2,11,31519
kind=time,rhocalc,earlyfail,eager,0,12,41414
kind=time,rhocalc,earlyfail,eager,1,12,310423
kind=time,rhocalc,earlyfail,eager,2,12,31746
kind=time,rhocalc,earlyfail,eager,0,13,41616
kind=time,rhocalc,earlyfail,eager,1,13,312141
kind=time,rhocalc,earlyfail,eager,2,13,32737
kind=time,rhocalc,earlyfail,eager,0,14,40946
kind=time,rhocalc,earlyfail,eager,1,14,310859
kind=time,rhocalc,earlyfail,eager,2,14,31770
kind=time,rhocalc,earlyfail,eager,0,15,41329
kind=time,rhocalc,earlyfail,eager,1,15,309444
kind=time,rhocalc,earlyfail,eager,2,15,31757
kind=time,rhocalc,earlyfail,eager,0,16,40946
kind=time,rhocalc,earlyfail,eager,1,16,309869
kind=time,rhocalc,earlyfail,eager,2,16,32045
kind=time,rhocalc,earlyfail,eager,0,17,41956
kind=time,rhocalc,earlyfail,eager,1,17,310766
kind=time,rhocalc,earlyfail,eager,2,17,33262
kind=time,rhocalc,earlyfail,eager,0,18,41046
kind=time,rhocalc,earlyfail,eager,1,18,313607
kind=time,rhocalc,earlyfail,eager,2,18,32350
kind=time,rhocalc,earlyfail,eager,0,19,43146
kind=time,rhocalc,earlyfail,eager,1,19,312671
kind=time,rhocalc,earlyfail,eager,2,19,31959
kind=time,rhocalc,earlyfail,eager,0,20,41262
kind=time,rhocalc,earlyfail,eager,1,20,311261
kind=time,rhocalc,earlyfail,eager,2,20,31962
kind=time,rhocalc,earlyfail,eager,0,21,40990
kind=time,rhocalc,earlyfail,eager,1,21,307747
kind=time,rhocalc,earlyfail,eager,2,21,31688
kind=time,rhocalc,earlyfail,eager,0,22,41137
kind=time,rhocalc,earlyfail,eager,1,22,308488
kind=time,rhocalc,earlyfail,eager,2,22,31737
kind=time,rhocalc,earlyfail,eager,0,23,40660
kind=time,rhocalc,earlyfail,eager,1,23,306793
kind=time,rhocalc,earlyfail,eager,2,23,31591
kind=time,rhocalc,earlyfail,eager,0,24,40908
kind=time,rhocalc,earlyfail,eager,1,24,309652
kind=time,rhocalc,earlyfail,eager,2,24,31634
kind=time,rhocalc,earlyfail,eager,0,25,40821
kind=time,rhocalc,earlyfail,eager,1,25,307461
kind=time,rhocalc,earlyfail,eager,2,25,31511
kind=time,rhocalc,earlyfail,eager,0,26,41170
kind=time,rhocalc,earlyfail,eager,1,26,306972
kind=time,rhocalc,earlyfail,eager,2,26,32776
kind=time,rhocalc,earlyfail,eager,0,27,42137
kind=time,rhocalc,earlyfail,eager,1,27,310089
kind=time,rhocalc,earlyfail,eager,2,27,31684
kind=time,rhocalc,earlyfail,eager,0,28,41189
kind=time,rhocalc,earlyfail,eager,1,28,309264
kind=time,rhocalc,earlyfail,eager,2,28,31812
kind=time,rhocalc,earlyfail,eager,0,29,41002
kind=time,rhocalc,earlyfail,eager,1,29,308631
kind=time,rhocalc,earlyfail,eager,2,29,31640
kind=time,rhocalc,earlyfail,eager,0,30,41167
kind=time,rhocalc,earlyfail,eager,1,30,306470
kind=time,rhocalc,earlyfail,eager,2,30,31778
kind=time,rhocalc,earlyfail,eager,0,31,41282
kind=time,rhocalc,earlyfail,eager,1,31,309056
kind=time,rhocalc,earlyfail,eager,2,31,31586
kind=time,rhocalc,earlyfail,eager,0,32,40965
kind=time,rhocalc,earlyfail,eager,1,32,309568
kind=time,rhocalc,earlyfail,eager,2,32,31753
kind=time,rhocalc,earlyfail,eager,0,33,40945
kind=time,rhocalc,earlyfail,eager,1,33,311055
kind=time,rhocalc,earlyfail,eager,2,33,31515
kind=time,rhocalc,earlyfail,eager,0,34,40268
kind=time,rhocalc,earlyfail,eager,1,34,307659
kind=time,rhocalc,earlyfail,eager,2,34,31414
kind=time,rhocalc,earlyfail,eager,0,35,40829
kind=time,rhocalc,earlyfail,eager,1,35,306826
kind=time,rhocalc,earlyfail,eager,2,35,31722
kind=time,rhocalc,earlyfail,eager,0,36,41081
kind=time,rhocalc,earlyfail,eager,1,36,303340
kind=time,rhocalc,earlyfail,eager,2,36,31359
kind=time,rhocalc,earlyfail,eager,0,37,40444
kind=time,rhocalc,earlyfail,eager,1,37,307102
kind=time,rhocalc,earlyfail,eager,2,37,31706
kind=time,rhocalc,earlyfail,eager,0,38,41031
kind=time,rhocalc,earlyfail,eager,1,38,308714
kind=time,rhocalc,earlyfail,eager,2,38,31724
kind=time,rhocalc,earlyfail,eager,0,39,40960
kind=time,rhocalc,earlyfail,eager,1,39,308804
kind=time,rhocalc,earlyfail,eager,2,39,31800
kind=time,rhocalc,earlyfail,eager,0,40,40834
kind=time,rhocalc,earlyfail,eager,1,40,311374
kind=time,rhocalc,earlyfail,eager,2,40,31744
kind=time,rhocalc,earlyfail,eager,0,41,41051
kind=time,rhocalc,earlyfail,eager,1,41,308569
kind=time,rhocalc,earlyfail,eager,2,41,31663
kind=time,rhocalc,earlyfail,eager,0,42,40811
kind=time,rhocalc,earlyfail,eager,1,42,307698
kind=time,rhocalc,earlyfail,eager,2,42,32123
kind=time,rhocalc,earlyfail,eager,0,43,41451
kind=time,rhocalc,earlyfail,eager,1,43,311222
kind=time,rhocalc,earlyfail,eager,2,43,31931
kind=time,rhocalc,earlyfail,eager,0,44,42130
kind=time,rhocalc,earlyfail,eager,1,44,310684
kind=time,rhocalc,earlyfail,eager,2,44,31801
kind=time,rhocalc,earlyfail,eager,0,45,41129
kind=time,rhocalc,earlyfail,eager,1,45,311099
kind=time,rhocalc,earlyfail,eager,2,45,31836
kind=time,rhocalc,earlyfail,eager,0,46,41552
kind=time,rhocalc,earlyfail,eager,1,46,311658
kind=time,rhocalc,earlyfail,eager,2,46,31897
kind=time,rhocalc,earlyfail,eager,0,47,41096
kind=time,rhocalc,earlyfail,eager,1,47,311181
kind=time,rhocalc,earlyfail,eager,2,47,31475
kind=time,rhocalc,earlyfail,eager,0,48,41325
kind=time,rhocalc,earlyfail,eager,1,48,310011
kind=time,rhocalc,earlyfail,eager,2,48,31631
kind=time,rhocalc,earlyfail,eager,0,49,41012
kind=time,rhocalc,earlyfail,eager,1,49,308169
kind=time,rhocalc,earlyfail,eager,2,49,31546
kind=time,rhocalc,earlyfail,eager,0,50,40959
kind=time,rhocalc,earlyfail,eager,1,50,304194
kind=time,rhocalc,earlyfail,eager,2,50,32048
kind=time,rhocalc,earlyfail,eager,0,51,41045
kind=time,rhocalc,earlyfail,eager,1,51,309013
kind=time,rhocalc,earlyfail,eager,2,51,31490
kind=time,rhocalc,earlyfail,eager,0,52,40003
kind=time,rhocalc,earlyfail,eager,1,52,308358
kind=time,rhocalc,earlyfail,eager,2,52,31655
kind=time,rhocalc,earlyfail,eager,0,53,41200
kind=time,rhocalc,earlyfail,eager,1,53,311555
kind=time,rhocalc,earlyfail,eager,2,53,31037
kind=time,rhocalc,earlyfail,eager,0,54,40279
kind=time,rhocalc,earlyfail,eager,1,54,307160
kind=time,rhocalc,earlyfail,eager,2,54,31465
kind=time,rhocalc,earlyfail,eager,0,55,40567
kind=time,rhocalc,earlyfail,eager,1,55,304319
kind=time,rhocalc,earlyfail,eager,2,55,31925
kind=time,rhocalc,earlyfail,eager,0,56,40870
kind=time,rhocalc,earlyfail,eager,1,56,305000
kind=time,rhocalc,earlyfail,eager,2,56,31238
kind=time,rhocalc,earlyfail,eager,0,57,40138
kind=time,rhocalc,earlyfail,eager,1,57,311177
kind=time,rhocalc,earlyfail,eager,2,57,31818
kind=time,rhocalc,earlyfail,eager,0,58,41738
kind=time,rhocalc,earlyfail,eager,1,58,310924
kind=time,rhocalc,earlyfail,eager,2,58,32619
kind=time,rhocalc,earlyfail,eager,0,59,41429
kind=time,rhocalc,earlyfail,eager,1,59,310331
kind=time,rhocalc,earlyfail,eager,2,59,31899
kind=time,rhocalc,earlyfail,lazy,0,0,37151
kind=time,rhocalc,earlyfail,lazy,1,0,277184
kind=time,rhocalc,earlyfail,lazy,2,0,8549
kind=time,rhocalc,earlyfail,lazy,0,1,37148
kind=time,rhocalc,earlyfail,lazy,1,1,278118
kind=time,rhocalc,earlyfail,lazy,2,1,9060
kind=time,rhocalc,earlyfail,lazy,0,2,37109
kind=time,rhocalc,earlyfail,lazy,1,2,277697
kind=time,rhocalc,earlyfail,lazy,2,2,9091
kind=time,rhocalc,earlyfail,lazy,0,3,37770
kind=time,rhocalc,earlyfail,lazy,1,3,276551
kind=time,rhocalc,earlyfail,lazy,2,3,9011
kind=time,rhocalc,earlyfail,lazy,0,4,36920
kind=time,rhocalc,earlyfail,lazy,1,4,280323
kind=time,rhocalc,earlyfail,lazy,2,4,8925
kind=time,rhocalc,earlyfail,lazy,0,5,37134
kind=time,rhocalc,earlyfail,lazy,1,5,277661
kind=time,rhocalc,earlyfail,lazy,2,5,8944
kind=time,rhocalc,earlyfail,lazy,0,6,36872
kind=time,rhocalc,earlyfail,lazy,1,6,278737
kind=time,rhocalc,earlyfail,lazy,2,6,9133
kind=time,rhocalc,earlyfail,lazy,0,7,37274
kind=time,rhocalc,earlyfail,lazy,1,7,279888
kind=time,rhocalc,earlyfail,lazy,2,7,8887
kind=time,rhocalc,earlyfail,lazy,0,8,38342
kind=time,rhocalc,earlyfail,lazy,1,8,278595
kind=time,rhocalc,earlyfail,lazy,2,8,8935
kind=time,rhocalc,earlyfail,lazy,0,9,37434
kind=time,rhocalc,earlyfail,lazy,1,9,279673
kind=time,rhocalc,earlyfail,lazy,2,9,8923
kind=time,rhocalc,earlyfail,lazy,0,10,37911
kind=time,rhocalc,earlyfail,lazy,1,10,278816
kind=time,rhocalc,earlyfail,lazy,2,10,8984
kind=time,rhocalc,earlyfail,lazy,0,11,37391
kind=time,rhocalc,earlyfail,lazy,1,11,279780
kind=time,rhocalc,earlyfail,lazy,2,11,9082
kind=time,rhocalc,earlyfail,lazy,0,12,38444
kind=time,rhocalc,earlyfail,lazy,1,12,281337
kind=time,rhocalc,earlyfail,lazy,2,12,9005
kind=time,rhocalc,earlyfail,lazy,0,13,37587
kind=time,rhocalc,earlyfail,lazy,1,13,281063
kind=time,rhocalc,earlyfail,lazy,2,13,8894
kind=time,rhocalc,earlyfail,lazy,0,14,37384
kind=time,rhocalc,earlyfail,lazy,1,14,279154
kind=time,rhocalc,earlyfail,lazy,2,14,8987
kind=time,rhocalc,earlyfail,lazy,0,15,37559
kind=time,rhocalc,earlyfail,lazy,1,15,279616
kind=time,rhocalc,earlyfail,lazy,2,15,8973
kind=time,rhocalc,earlyfail,lazy,0,16,36831
kind=time,rhocalc,earlyfail,lazy,1,16,280145
kind=time,rhocalc,earlyfail,lazy,2,16,9021
kind=time,rhocalc,earlyfail,lazy,0,17,37754
kind=time,rhocalc,earlyfail,lazy,1,17,279443
kind=time,rhocalc,earlyfail,lazy,2,17,8844
kind=time,rhocalc,earlyfail,lazy,0,18,37549
kind=time,rhocalc,earlyfail,lazy,1,18,278271
kind=time,rhocalc,earlyfail,lazy,2,18,9023
kind=time,rhocalc,earlyfail,lazy,0,19,37366
kind=time,rhocalc,earlyfail,lazy,1,19,279401
kind=time,rhocalc,earlyfail,lazy,2,19,9034
kind=time,rhocalc,earlyfail,lazy,0,20,37416
kind=time,rhocalc,earlyfail,lazy,1,20,277128
kind=time,rhocalc,earlyfail,lazy,2,20,9051
kind=time,rhocalc,earlyfail,lazy,0,21,37314
kind=time,rhocalc,earlyfail,lazy,1,21,277727
kind=time,rhocalc,earlyfail,lazy,2,21,8942
kind=time,rhocalc,earlyfail,lazy,0,22,37122
kind=time,rhocalc,earlyfail,lazy,1,22,278994
kind=time,rhocalc,earlyfail,lazy,2,22,8915
kind=time,rhocalc,earlyfail,lazy,0,23,37576
kind=time,rhocalc,earlyfail,lazy,1,23,279156
kind=time,rhocalc,earlyfail,lazy,2,23,9179
kind=time,rhocalc,earlyfail,lazy,0,24,37594
kind=time,rhocalc,earlyfail,lazy,1,24,279950
kind=time,rhocalc,earlyfail,lazy,2,24,9127
kind=time,rhocalc,earlyfail,lazy,0,25,37273
kind=time,rhocalc,earlyfail,lazy,1,25,278556
kind=time,rhocalc,earlyfail,lazy,2,25,8876
kind=time,rhocalc,earlyfail,lazy,0,26,37787
kind=time,rhocalc,earlyfail,lazy,1,26,279586
kind=time,rhocalc,earlyfail,lazy,2,26,8940
kind=time,rhocalc,earlyfail,lazy,0,27,37406
kind=time,rhocalc,earlyfail,lazy,1,27,280030
kind=time,rhocalc,earlyfail,lazy,2,27,8894
kind=time,rhocalc,earlyfail,lazy,0,28,37427
kind=time,rhocalc,earlyfail,lazy,1,28,279136
kind=time,rhocalc,earlyfail,lazy,2,28,8868
kind=time,rhocalc,earlyfail,lazy,0,29,37288
kind=time,rhocalc,earlyfail,lazy,1,29,279669
kind=time,rhocalc,earlyfail,lazy,2,29,8839
kind=time,rhocalc,earlyfail,lazy,0,30,37542
kind=time,rhocalc,earlyfail,lazy,1,30,277697
kind=time,rhocalc,earlyfail,lazy,2,30,8864
kind=time,rhocalc,earlyfail,lazy,0,31,36617
kind=time,rhocalc,earlyfail,lazy,1,31,275963
kind=time,rhocalc,earlyfail,lazy,2,31,8810
kind=time,rhocalc,earlyfail,lazy,0,32,36327
kind=time,rhocalc,earlyfail,lazy,1,32,278170
kind=time,rhocalc,earlyfail,lazy,2,32,8934
kind=time,rhocalc,earlyfail,lazy,0,33,37553
kind=time,rhocalc,earlyfail,lazy,1,33,269049
kind=time,rhocalc,earlyfail,lazy,2,33,8446
kind=time,rhocalc,earlyfail,lazy,0,34,36093
kind=time,rhocalc,earlyfail,lazy,1,34,266465
kind=time,rhocalc,earlyfail,lazy,2,34,8350
kind=time,rhocalc,earlyfail,lazy,0,35,36817
kind=time,rhocalc,earlyfail,lazy,1,35,278027
kind=time,rhocalc,earlyfail,lazy,2,35,9345
kind=time,rhocalc,earlyfail,lazy,0,36,37664
kind=time,rhocalc,earlyfail,lazy,1,36,275851
kind=time,rhocalc,earlyfail,lazy,2,36,9140
kind=time,rhocalc,earlyfail,lazy,0,37,37299
kind=time,rhocalc,earlyfail,lazy,1,37,278308
kind=time,rhocalc,earlyfail,lazy,2,37,9174
kind=time,rhocalc,earlyfail,lazy,0,38,37263
kind=time,rhocalc,earlyfail,lazy,1,38,278319
kind=time,rhocalc,earlyfail,lazy,2,38,9154
kind=time,rhocalc,earlyfail,lazy,0,39,37177
kind=time,rhocalc,earlyfail,lazy,1,39,277445
kind=time,rhocalc,earlyfail,lazy,2,39,9127
kind=time,rhocalc,earlyfail,lazy,0,40,38079
kind=time,rhocalc,earlyfail,lazy,1,40,280465
kind=time,rhocalc,earlyfail,lazy,2,40,9183
kind=time,rhocalc,earlyfail,lazy,0,41,37081
kind=time,rhocalc,earlyfail,lazy,1,41,279225
kind=time,rhocalc,earlyfail,lazy,2,41,9115
kind=time,rhocalc,earlyfail,lazy,0,42,37278
kind=time,rhocalc,earlyfail,lazy,1,42,279484
kind=time,rhocalc,earlyfail,lazy,2,42,9150
kind=time,rhocalc,earlyfail,lazy,0,43,37822
kind=time,rhocalc,earlyfail,lazy,1,43,277916
kind=time,rhocalc,earlyfail,lazy,2,43,9105
kind=time,rhocalc,earlyfail,lazy,0,44,36969
kind=time,rhocalc,earlyfail,lazy,1,44,277939
kind=time,rhocalc,earlyfail,lazy,2,44,9022
kind=time,rhocalc,earlyfail,lazy,0,45,36939
kind=time,rhocalc,earlyfail,lazy,1,45,277115
kind=time,rhocalc,earlyfail,lazy,2,45,9040
kind=time,rhocalc,earlyfail,lazy,0,46,37326
kind=time,rhocalc,earlyfail,lazy,1,46,278735
kind=time,rhocalc,earlyfail,lazy,2,46,9009
kind=time,rhocalc,earlyfail,lazy,0,47,37412
kind=time,rhocalc,earlyfail,lazy,1,47,279559
kind=time,rhocalc,earlyfail,lazy,2,47,9040
kind=time,rhocalc,earlyfail,lazy,0,48,37253
kind=time,rhocalc,earlyfail,lazy,1,48,277940
kind=time,rhocalc,earlyfail,lazy,2,48,8997
kind=time,rhocalc,earlyfail,lazy,0,49,37200
kind=time,rhocalc,earlyfail,lazy,1,49,277704
kind=time,rhocalc,earlyfail,lazy,2,49,9210
kind=time,rhocalc,earlyfail,lazy,0,50,37514
kind=time,rhocalc,earlyfail,lazy,1,50,280129
kind=time,rhocalc,earlyfail,lazy,2,50,8873
kind=time,rhocalc,earlyfail,lazy,0,51,37218
kind=time,rhocalc,earlyfail,lazy,1,51,277307
kind=time,rhocalc,earlyfail,lazy,2,51,8881
kind=time,rhocalc,earlyfail,lazy,0,52,37482
kind=time,rhocalc,earlyfail,lazy,1,52,278421
kind=time,rhocalc,earlyfail,lazy,2,52,8877
kind=time,rhocalc,earlyfail,lazy,0,53,37271
kind=time,rhocalc,earlyfail,lazy,1,53,278328
kind=time,rhocalc,earlyfail,lazy,2,53,8866
kind=time,rhocalc,earlyfail,lazy,0,54,37188
kind=time,rhocalc,earlyfail,lazy,1,54,277038
kind=time,rhocalc,earlyfail,lazy,2,54,8939
kind=time,rhocalc,earlyfail,lazy,0,55,37171
kind=time,rhocalc,earlyfail,lazy,1,55,278367
kind=time,rhocalc,earlyfail,lazy,2,55,9038
kind=time,rhocalc,earlyfail,lazy,0,56,37423
kind=time,rhocalc,earlyfail,lazy,1,56,278414
kind=time,rhocalc,earlyfail,lazy,2,56,8936
kind=time,rhocalc,earlyfail,lazy,0,57,37704
kind=time,rhocalc,earlyfail,lazy,1,57,277964
kind=time,rhocalc,earlyfail,lazy,2,57,9098
kind=time,rhocalc,earlyfail,lazy,0,58,37183
kind=time,rhocalc,earlyfail,lazy,1,58,281425
kind=time,rhocalc,earlyfail,lazy,2,58,8953
kind=time,rhocalc,earlyfail,lazy,0,59,37384
kind=time,rhocalc,earlyfail,lazy,1,59,278576
kind=time,rhocalc,earlyfail,lazy,2,59,9045
